timestamp,price
2026-01-01 00:00:00+00:00,4318.183175066801
2026-01-01 01:00:00+00:00,4335.54229961507
2026-01-01 02:00:00+00:00,4334.538878923192
2026-01-01 03:00:00+00:00,4325.978570061552
2026-01-01 04:00:00+00:00,4330.92515388571
2026-01-01 05:00:00+00:00,4332.981950219621
2026-01-01 06:00:00+00:00,4338.66753447148
2026-01-01 07:00:00+00:00,4326.993173328795
2026-01-01 08:00:00+00:00,4320.383254729398
2026-01-01 09:00:00+00:00,4319.764496486082
2026-01-01 10:00:00+00:00,4342.793998954574
2026-01-01 11:00:00+00:00,4325.422493961722
2026-01-01 12:00:00+00:00,4322.4594618059755
2026-01-01 13:00:00+00:00,4321.698153643294
2026-01-01 14:00:00+00:00,4327.754579972827
2026-01-01 15:00:00+00:00,4321.356449994322
2026-01-01 16:00:00+00:00,4337.504656025997
2026-01-01 17:00:00+00:00,4321.2296286369
2026-01-01 18:00:00+00:00,4340.23746812836
2026-01-01 19:00:00+00:00,4339.778004075178
2026-01-01 20:00:00+00:00,4340.263400437405
2026-01-01 21:00:00+00:00,4338.579885664245
2026-01-01 22:00:00+00:00,4320.481904518106
2026-01-01 23:00:00+00:00,4331.582618814813
2026-01-02 00:00:00+00:00,4357.615700267275
2026-01-02 01:00:00+00:00,4361.2451719545115
2026-01-02 02:00:00+00:00,4344.868457457196
2026-01-02 03:00:00+00:00,4364.314049947947
2026-01-02 04:00:00+00:00,4367.796399917812
2026-01-02 05:00:00+00:00,4364.1329632328125
2026-01-02 06:00:00+00:00,4386.971672197713
2026-01-02 07:00:00+00:00,4380.095267641263
2026-01-02 08:00:00+00:00,4389.887663924729
2026-01-02 09:00:00+00:00,4396.095951842402
2026-01-02 10:00:00+00:00,4392.534987268588
2026-01-02 11:00:00+00:00,4404.279275122332
2026-01-02 12:00:00+00:00,4399.794784383681
2026-01-02 13:00:00+00:00,4400.582147885805
2026-01-02 14:00:00+00:00,4373.6984497982385
2026-01-02 15:00:00+00:00,4362.393519954418
2026-01-02 16:00:00+00:00,4340.118468767252
2026-01-02 17:00:00+00:00,4338.9555411352285
2026-01-02 18:00:00+00:00,4330.357432868814
2026-01-02 19:00:00+00:00,4323.950998075723
2026-01-02 20:00:00+00:00,4325.182155238646
2026-01-02 21:00:00+00:00,4335.322841210526
2026-01-02 22:00:00+00:00,4340.411801263869
2026-01-02 23:00:00+00:00,4341.391516410772
2026-01-03 00:00:00+00:00,4343.991028917381
2026-01-03 01:00:00+00:00,4344.258924949228
2026-01-03 02:00:00+00:00,4345.724096620566
2026-01-03 03:00:00+00:00,4346.8504793811
2026-01-03 04:00:00+00:00,4335.667898138682
2026-01-03 05:00:00+00:00,4334.450019399424
2026-01-03 06:00:00+00:00,4345.1655431839545
2026-01-03 07:00:00+00:00,4346.664458107447
2026-01-03 08:00:00+00:00,4341.355655214216
2026-01-03 09:00:00+00:00,4347.571421962801
2026-01-03 10:00:00+00:00,4361.398098319088
2026-01-03 11:00:00+00:00,4360.928957300107
2026-01-03 12:00:00+00:00,4347.849010496646
2026-01-03 13:00:00+00:00,4366.636739615439
2026-01-03 14:00:00+00:00,4344.49496554694
2026-01-03 15:00:00+00:00,4348.388562576924
2026-01-03 16:00:00+00:00,4343.627597099261
2026-01-03 17:00:00+00:00,4344.968720100318
2026-01-03 18:00:00+00:00,4349.945429809716
2026-01-03 19:00:00+00:00,4350.228726988958
2026-01-03 20:00:00+00:00,4349.8382181076995
2026-01-03 21:00:00+00:00,4334.441267936245
2026-01-03 22:00:00+00:00,4333.465684074799
2026-01-03 23:00:00+00:00,4332.795448699186
2026-01-04 00:00:00+00:00,4329.260241360639
2026-01-04 01:00:00+00:00,4329.160716081223
2026-01-04 02:00:00+00:00,4332.793503214432
2026-01-04 03:00:00+00:00,4343.818276200372
2026-01-04 04:00:00+00:00,4344.238072577201
2026-01-04 05:00:00+00:00,4344.115457811546
2026-01-04 06:00:00+00:00,4329.0063511325025
2026-01-04 07:00:00+00:00,4330.541369970359
2026-01-04 08:00:00+00:00,4333.344084378677
2026-01-04 09:00:00+00:00,4345.773787747004
2026-01-04 10:00:00+00:00,4348.975244881298
2026-01-04 11:00:00+00:00,4333.677881486862
2026-01-04 12:00:00+00:00,4343.727588220896
2026-01-04 13:00:00+00:00,4330.160437173152
2026-01-04 14:00:00+00:00,4343.496690334356
2026-01-04 15:00:00+00:00,4345.447614995461
2026-01-04 16:00:00+00:00,4347.15786917592
2026-01-04 17:00:00+00:00,4348.74152631875
2026-01-04 18:00:00+00:00,4330.5888712909145
2026-01-04 19:00:00+00:00,4352.030079456756
2026-01-04 20:00:00+00:00,4337.45299418074
2026-01-04 21:00:00+00:00,4361.650815065678
2026-01-04 22:00:00+00:00,4355.2459687995615
2026-01-04 23:00:00+00:00,4349.996863464322
2026-01-05 00:00:00+00:00,4365.926202342984
2026-01-05 01:00:00+00:00,4382.360792427961
2026-01-05 02:00:00+00:00,4392.831190404096
2026-01-05 03:00:00+00:00,4390.150618133268
2026-01-05 04:00:00+00:00,4384.355824588734
2026-01-05 05:00:00+00:00,4395.122451615771
2026-01-05 06:00:00+00:00,4407.881440823663
2026-01-05 07:00:00+00:00,4407.922340814337
2026-01-05 08:00:00+00:00,4419.770370441801
2026-01-05 09:00:00+00:00,4421.328062851276
2026-01-05 10:00:00+00:00,4435.298140946772
2026-01-05 11:00:00+00:00,4425.693456651477
2026-01-05 12:00:00+00:00,4415.05072507413
2026-01-05 13:00:00+00:00,4396.932832059873
2026-01-05 14:00:00+00:00,4413.146275176041
2026-01-05 15:00:00+00:00,4442.563774590944
2026-01-05 16:00:00+00:00,4446.788438320887
2026-01-05 17:00:00+00:00,4438.181267962505
2026-01-05 18:00:00+00:00,4441.092369755029
2026-01-05 19:00:00+00:00,4440.597528375199
2026-01-05 20:00:00+00:00,4434.444165659616
2026-01-05 21:00:00+00:00,4439.018471624803
2026-01-05 22:00:00+00:00,4441.515482750973
2026-01-05 23:00:00+00:00,4439.407095372187
2026-01-06 00:00:00+00:00,4433.584737587188
2026-01-06 01:00:00+00:00,4430.349923223547
2026-01-06 02:00:00+00:00,4433.606679710253
2026-01-06 03:00:00+00:00,4444.9811657184755
2026-01-06 04:00:00+00:00,4450.367143579874
2026-01-06 05:00:00+00:00,4462.617042532351
2026-01-06 06:00:00+00:00,4437.283579967888
2026-01-06 07:00:00+00:00,4450.31550504061
2026-01-06 08:00:00+00:00,4454.0194729061195
2026-01-06 09:00:00+00:00,4451.742979391461
2026-01-06 10:00:00+00:00,4433.566216119046
2026-01-06 11:00:00+00:00,4439.081079626916
2026-01-06 12:00:00+00:00,4460.584510164597
2026-01-06 13:00:00+00:00,4459.4443839059595
2026-01-06 14:00:00+00:00,4463.885127268938
2026-01-06 15:00:00+00:00,4469.931081884174
2026-01-06 16:00:00+00:00,4466.126339074932
2026-01-06 17:00:00+00:00,4472.1785338799755
2026-01-06 18:00:00+00:00,4486.219643828584
2026-01-06 19:00:00+00:00,4481.413612707329
2026-01-06 20:00:00+00:00,4480.118118787308
2026-01-06 21:00:00+00:00,4478.100555345791
2026-01-06 22:00:00+00:00,4493.084962881382
2026-01-06 23:00:00+00:00,4496.442090696662
2026-01-07 00:00:00+00:00,4479.015549976373
2026-01-07 01:00:00+00:00,4476.40420301695
2026-01-07 02:00:00+00:00,4448.970716911517
2026-01-07 03:00:00+00:00,4468.940999284829
2026-01-07 04:00:00+00:00,4472.9317529151995
2026-01-07 05:00:00+00:00,4462.385498362206
2026-01-07 06:00:00+00:00,4454.367628917087
2026-01-07 07:00:00+00:00,4445.509232734203
2026-01-07 08:00:00+00:00,4462.400693093999
2026-01-07 09:00:00+00:00,4462.3492203855285
2026-01-07 10:00:00+00:00,4449.62518555876
2026-01-07 11:00:00+00:00,4464.240274862913
2026-01-07 12:00:00+00:00,4438.824994474239
2026-01-07 13:00:00+00:00,4435.1852085281525
2026-01-07 14:00:00+00:00,4452.644853257273
2026-01-07 15:00:00+00:00,4430.640830871065
2026-01-07 16:00:00+00:00,4449.179148410687
2026-01-07 17:00:00+00:00,4446.447567744548
2026-01-07 18:00:00+00:00,4450.379590053194
2026-01-07 19:00:00+00:00,4452.36802091698
2026-01-07 20:00:00+00:00,4445.975110753997
2026-01-07 21:00:00+00:00,4454.701872369837
2026-01-07 22:00:00+00:00,4444.225961882525
2026-01-07 23:00:00+00:00,4462.356197697969
2026-01-08 00:00:00+00:00,4467.107168924931
2026-01-08 01:00:00+00:00,4450.062109995951
2026-01-08 02:00:00+00:00,4450.58124411676
2026-01-08 03:00:00+00:00,4444.933655214777
2026-01-08 04:00:00+00:00,4442.83639150565
2026-01-08 05:00:00+00:00,4433.6844206937685
2026-01-08 06:00:00+00:00,4429.774217824329
2026-01-08 07:00:00+00:00,4436.4706309132125
2026-01-08 08:00:00+00:00,4431.602141964554
2026-01-08 09:00:00+00:00,4420.738499802503
2026-01-08 10:00:00+00:00,4434.151067545495
2026-01-08 11:00:00+00:00,4431.338467779212
2026-01-08 12:00:00+00:00,4420.494481704605
2026-01-08 13:00:00+00:00,4414.43448843356
2026-01-08 14:00:00+00:00,4410.859040474419
2026-01-08 15:00:00+00:00,4424.012034716868
2026-01-08 16:00:00+00:00,4447.660747494732
2026-01-08 17:00:00+00:00,4453.579357745679
2026-01-08 18:00:00+00:00,4460.923410124778
2026-01-08 19:00:00+00:00,4433.4442920742795
2026-01-08 20:00:00+00:00,4453.561633815372
2026-01-08 21:00:00+00:00,4476.647147801892
2026-01-08 22:00:00+00:00,4475.647475741805
2026-01-08 23:00:00+00:00,4460.888461803557
2026-01-09 00:00:00+00:00,4474.7152654860765
2026-01-09 01:00:00+00:00,4461.3261325099475
2026-01-09 02:00:00+00:00,4471.166818348049
2026-01-09 03:00:00+00:00,4451.8916772893335
2026-01-09 04:00:00+00:00,4462.3878717601765
2026-01-09 05:00:00+00:00,4457.679243261069
2026-01-09 06:00:00+00:00,4461.048305231691
2026-01-09 07:00:00+00:00,4473.1476476130965
2026-01-09 08:00:00+00:00,4463.195125972192
2026-01-09 09:00:00+00:00,4458.198305249382
2026-01-09 10:00:00+00:00,4456.44154460588
2026-01-09 11:00:00+00:00,4459.421276637381
2026-01-09 12:00:00+00:00,4463.3128615685355
2026-01-09 13:00:00+00:00,4453.6095939763745
2026-01-09 14:00:00+00:00,4469.818516839658
2026-01-09 15:00:00+00:00,4479.399343995072
2026-01-09 16:00:00+00:00,4495.275805917188
2026-01-09 17:00:00+00:00,4490.534015244905
2026-01-09 18:00:00+00:00,4470.439512903368
2026-01-09 19:00:00+00:00,4481.882205630133
2026-01-09 20:00:00+00:00,4481.541286325963
2026-01-09 21:00:00+00:00,4488.6306390155605
2026-01-09 22:00:00+00:00,4490.442443432979
2026-01-09 23:00:00+00:00,4490.055908168261
2026-01-10 00:00:00+00:00,4489.649263445921
2026-01-10 01:00:00+00:00,4489.191893550581
2026-01-10 02:00:00+00:00,4490.426365840138
2026-01-10 03:00:00+00:00,4489.0853971145425
2026-01-10 04:00:00+00:00,4489.897125221324
2026-01-10 05:00:00+00:00,4492.688185854253
2026-01-10 06:00:00+00:00,4491.70392813926
2026-01-10 07:00:00+00:00,4493.1984671355685
2026-01-10 08:00:00+00:00,4493.493380831649
2026-01-10 09:00:00+00:00,4493.539742935483
2026-01-10 10:00:00+00:00,4495.2628477183225
2026-01-10 11:00:00+00:00,4496.177575825691
2026-01-10 12:00:00+00:00,4498.641361049005
2026-01-10 13:00:00+00:00,4501.018174850416
2026-01-10 14:00:00+00:00,4497.009835243895
2026-01-10 15:00:00+00:00,4495.694946691676
2026-01-10 16:00:00+00:00,4493.992154403087
2026-01-10 17:00:00+00:00,4491.343311705667
2026-01-10 18:00:00+00:00,4488.242882699777
2026-01-10 19:00:00+00:00,4486.571190697289
2026-01-10 20:00:00+00:00,4488.784945433524
2026-01-10 21:00:00+00:00,4496.76573404589
2026-01-10 22:00:00+00:00,4490.738096247925
2026-01-10 23:00:00+00:00,4491.104217712115
2026-01-11 00:00:00+00:00,4491.9102561521995
2026-01-11 01:00:00+00:00,4488.6798016599105
2026-01-11 02:00:00+00:00,4492.862208222713
2026-01-11 03:00:00+00:00,4493.635211203102
2026-01-11 04:00:00+00:00,4495.592414321516
2026-01-11 05:00:00+00:00,4495.737257857995
2026-01-11 06:00:00+00:00,4492.279550854185
2026-01-11 07:00:00+00:00,4496.055629796811
2026-01-11 08:00:00+00:00,4496.864163313366
2026-01-11 09:00:00+00:00,4496.758483742854
2026-01-11 10:00:00+00:00,4496.54320637389
2026-01-11 11:00:00+00:00,4498.442014372401
2026-01-11 12:00:00+00:00,4497.725784627418
2026-01-11 13:00:00+00:00,4497.750020368501
2026-01-11 14:00:00+00:00,4494.005281170971
2026-01-11 15:00:00+00:00,4495.223320591089
2026-01-11 16:00:00+00:00,4495.558976807324
2026-01-11 17:00:00+00:00,4492.741998688097
2026-01-11 18:00:00+00:00,4492.571532506655
2026-01-11 19:00:00+00:00,4492.11733542732
2026-01-11 20:00:00+00:00,4493.960800122652
2026-01-11 21:00:00+00:00,4495.577499704259
2026-01-11 22:00:00+00:00,4495.615435944667
2026-01-11 23:00:00+00:00,4501.817363027057
2026-01-12 00:00:00+00:00,4522.394343906483
2026-01-12 01:00:00+00:00,4592.561444881607
2026-01-12 02:00:00+00:00,4570.292653327382
2026-01-12 03:00:00+00:00,4568.911868694243
2026-01-12 04:00:00+00:00,4561.634521082462
2026-01-12 05:00:00+00:00,4561.754529249285
2026-01-12 06:00:00+00:00,4576.729412944239
2026-01-12 07:00:00+00:00,4570.773982516601
2026-01-12 08:00:00+00:00,4582.37190816409
2026-01-12 09:00:00+00:00,4587.792493334112
2026-01-12 10:00:00+00:00,4590.705439500502
2026-01-12 11:00:00+00:00,4593.385847483765
2026-01-12 12:00:00+00:00,4584.351056804258
2026-01-12 13:00:00+00:00,4590.612521516342
2026-01-12 14:00:00+00:00,4613.845010638417
2026-01-12 15:00:00+00:00,4606.262089489469
2026-01-12 16:00:00+00:00,4615.978786983457
2026-01-12 17:00:00+00:00,4611.679123361445
2026-01-12 18:00:00+00:00,4612.731342484099
2026-01-12 19:00:00+00:00,4607.238946003684
2026-01-12 20:00:00+00:00,4608.66388244601
2026-01-12 21:00:00+00:00,4594.280822093497
2026-01-12 22:00:00+00:00,4599.400159034963
2026-01-12 23:00:00+00:00,4604.6748001624355
2026-01-13 00:00:00+00:00,4599.71912868976
2026-01-13 01:00:00+00:00,4582.459005512413
2026-01-13 02:00:00+00:00,4575.92313558136
2026-01-13 03:00:00+00:00,4587.1067116407685
2026-01-13 04:00:00+00:00,4588.401310901607
2026-01-13 05:00:00+00:00,4590.291917224523
2026-01-13 06:00:00+00:00,4584.409885773352
2026-01-13 07:00:00+00:00,4575.922293128481
2026-01-13 08:00:00+00:00,4575.5942604283455
2026-01-13 09:00:00+00:00,4586.928158724531
2026-01-13 10:00:00+00:00,4581.059127697799
2026-01-13 11:00:00+00:00,4581.806376748784
2026-01-13 12:00:00+00:00,4582.567424837442
2026-01-13 13:00:00+00:00,4584.081183887034
2026-01-13 14:00:00+00:00,4602.0186031507
2026-01-13 15:00:00+00:00,4613.001704418301
2026-01-13 16:00:00+00:00,4607.82007306157
2026-01-13 17:00:00+00:00,4604.203997743041
2026-01-13 18:00:00+00:00,4583.95140837969
2026-01-13 19:00:00+00:00,4584.313883891005
2026-01-13 20:00:00+00:00,4588.187124834122
2026-01-13 21:00:00+00:00,4579.203094741737
2026-01-13 22:00:00+00:00,4579.2577662060585
2026-01-13 23:00:00+00:00,4582.019230989695
2026-01-14 00:00:00+00:00,4588.879586501393
2026-01-14 01:00:00+00:00,4600.08902911896
2026-01-14 02:00:00+00:00,4605.987495827109
2026-01-14 03:00:00+00:00,4609.821863621015
2026-01-14 04:00:00+00:00,4616.254997393333
2026-01-14 05:00:00+00:00,4618.811397482736
2026-01-14 06:00:00+00:00,4610.407240648481
2026-01-14 07:00:00+00:00,4622.974945912202
2026-01-14 08:00:00+00:00,4620.548561287673
2026-01-14 09:00:00+00:00,4622.863947032219
2026-01-14 10:00:00+00:00,4618.346281598298
2026-01-14 11:00:00+00:00,4619.52789861191
2026-01-14 12:00:00+00:00,4619.053082180563
2026-01-14 13:00:00+00:00,4625.338996496907
2026-01-14 14:00:00+00:00,4623.484259338473
2026-01-14 15:00:00+00:00,4603.331425420048
2026-01-14 16:00:00+00:00,4608.355187284367
2026-01-14 17:00:00+00:00,4606.775398626726
2026-01-14 18:00:00+00:00,4603.683687973905
2026-01-14 19:00:00+00:00,4625.078057965539
2026-01-14 20:00:00+00:00,4626.855623582569
2026-01-14 21:00:00+00:00,4620.318625100487
2026-01-14 22:00:00+00:00,4617.677139611503
2026-01-14 23:00:00+00:00,4623.401991436988
2026-01-15 00:00:00+00:00,4606.865350750459
2026-01-15 01:00:00+00:00,4607.618105753378
2026-01-15 02:00:00+00:00,4596.294378622493
2026-01-15 03:00:00+00:00,4595.339783377683
2026-01-15 04:00:00+00:00,4585.457151926677
2026-01-15 05:00:00+00:00,4583.996436535424
2026-01-15 06:00:00+00:00,4588.20620685097
2026-01-15 07:00:00+00:00,4600.228468807715
2026-01-15 08:00:00+00:00,4593.085180569279
2026-01-15 09:00:00+00:00,4595.4279929217255
2026-01-15 10:00:00+00:00,4601.135288550263
2026-01-15 11:00:00+00:00,4610.231863227974
2026-01-15 12:00:00+00:00,4609.2953841314
2026-01-15 13:00:00+00:00,4602.361316565873
2026-01-15 14:00:00+00:00,4579.821683136753
2026-01-15 15:00:00+00:00,4602.038374587129
2026-01-15 16:00:00+00:00,4604.253018996852
2026-01-15 17:00:00+00:00,4597.661352006439
2026-01-15 18:00:00+00:00,4607.051510023715
2026-01-15 19:00:00+00:00,4607.256235268834
2026-01-15 20:00:00+00:00,4603.688124081638
2026-01-15 21:00:00+00:00,4597.806804889547
2026-01-15 22:00:00+00:00,4604.870759305282
2026-01-15 23:00:00+00:00,4605.403501560623
2026-01-16 00:00:00+00:00,4599.3367576252585
2026-01-16 01:00:00+00:00,4589.502215212858
2026-01-16 02:00:00+00:00,4591.980407267758
2026-01-16 03:00:00+00:00,4587.023223292623
2026-01-16 04:00:00+00:00,4587.95549110696
2026-01-16 05:00:00+00:00,4591.338916475499
2026-01-16 06:00:00+00:00,4600.162406848092
2026-01-16 07:00:00+00:00,4590.262506049043
2026-01-16 08:00:00+00:00,4598.256873714369
2026-01-16 09:00:00+00:00,4594.642620046546
2026-01-16 10:00:00+00:00,4594.4526343481575
2026-01-16 11:00:00+00:00,4594.573038732448
2026-01-16 12:00:00+00:00,4602.125972703499
2026-01-16 13:00:00+00:00,4594.180089523242
2026-01-16 14:00:00+00:00,4593.180180869093
2026-01-16 15:00:00+00:00,4601.067790942068
2026-01-16 16:00:00+00:00,4566.666165738748
2026-01-16 17:00:00+00:00,4583.226457667411
2026-01-16 18:00:00+00:00,4578.240881446579
2026-01-16 19:00:00+00:00,4579.83848362191
2026-01-16 20:00:00+00:00,4583.62321492748
2026-01-16 21:00:00+00:00,4581.265302054138
2026-01-16 22:00:00+00:00,4589.032623189508
2026-01-16 23:00:00+00:00,4590.358680676107
2026-01-17 00:00:00+00:00,4587.7273794294215
2026-01-17 01:00:00+00:00,4588.965438965004
2026-01-17 02:00:00+00:00,4586.766873634861
2026-01-17 03:00:00+00:00,4588.901549411941
2026-01-17 04:00:00+00:00,4591.439189633601
2026-01-17 05:00:00+00:00,4594.780470574873
2026-01-17 06:00:00+00:00,4589.825034694528
2026-01-17 07:00:00+00:00,4592.912471658174
2026-01-17 08:00:00+00:00,4592.4531212898055
2026-01-17 09:00:00+00:00,4593.121836700391
2026-01-17 10:00:00+00:00,4594.4117157560495
2026-01-17 11:00:00+00:00,4597.021348803087
2026-01-17 12:00:00+00:00,4596.48910658498
2026-01-17 13:00:00+00:00,4596.66331820317
2026-01-17 14:00:00+00:00,4596.175558129723
2026-01-17 15:00:00+00:00,4594.599650858898
2026-01-17 16:00:00+00:00,4594.3942106007935
2026-01-17 17:00:00+00:00,4597.510338266997
2026-01-17 18:00:00+00:00,4596.541889261553
2026-01-17 19:00:00+00:00,4595.864157204079
2026-01-17 20:00:00+00:00,4596.745460280436
2026-01-17 21:00:00+00:00,4597.050381286385
2026-01-17 22:00:00+00:00,4597.50132838182
2026-01-17 23:00:00+00:00,4597.007704771056
2026-01-18 00:00:00+00:00,4598.152783293056
2026-01-18 01:00:00+00:00,4598.318112824989
2026-01-18 02:00:00+00:00,4600.479620217261
2026-01-18 03:00:00+00:00,4600.290203164479
2026-01-18 04:00:00+00:00,4599.14838345995
2026-01-18 05:00:00+00:00,4599.725723170225
2026-01-18 06:00:00+00:00,4600.535221607836
2026-01-18 07:00:00+00:00,4589.06474378104
2026-01-18 08:00:00+00:00,4590.569229626309
2026-01-18 09:00:00+00:00,4593.540929271313
2026-01-18 10:00:00+00:00,4593.13899015244
2026-01-18 11:00:00+00:00,4595.249984479147
2026-01-18 12:00:00+00:00,4594.314399001947
2026-01-18 13:00:00+00:00,4594.294570730675
2026-01-18 14:00:00+00:00,4595.650139067298
2026-01-18 15:00:00+00:00,4598.007211629502
2026-01-18 16:00:00+00:00,4596.06821495032
2026-01-18 17:00:00+00:00,4596.366684343613
2026-01-18 18:00:00+00:00,4596.892972786207
2026-01-18 19:00:00+00:00,4599.13943327162
2026-01-18 20:00:00+00:00,4597.971583151853
2026-01-18 21:00:00+00:00,4599.954751620939
2026-01-18 22:00:00+00:00,4601.87959722916
2026-01-18 23:00:00+00:00,4614.485562509864
2026-01-19 00:00:00+00:00,4660.330630695548
2026-01-19 01:00:00+00:00,4666.46558250094
2026-01-19 02:00:00+00:00,4648.149680088712
2026-01-19 03:00:00+00:00,4656.656679348603
2026-01-19 04:00:00+00:00,4652.959149117767
2026-01-19 05:00:00+00:00,4658.858854164714
2026-01-19 06:00:00+00:00,4664.428501003756
2026-01-19 07:00:00+00:00,4669.8126834493805
2026-01-19 08:00:00+00:00,4660.374317655397
2026-01-19 09:00:00+00:00,4659.421606215528
2026-01-19 10:00:00+00:00,4661.9480530028195
2026-01-19 11:00:00+00:00,4661.086408223171
2026-01-19 12:00:00+00:00,4658.658675586925
2026-01-19 13:00:00+00:00,4668.394874150836
2026-01-19 14:00:00+00:00,4663.363656418294
2026-01-19 15:00:00+00:00,4664.592699095781
2026-01-19 16:00:00+00:00,4670.101097342378
2026-01-19 17:00:00+00:00,4668.720461300249
2026-01-19 18:00:00+00:00,4672.0846119861235
2026-01-19 19:00:00+00:00,4672.283388287069
2026-01-19 20:00:00+00:00,4667.585948449981
2026-01-19 21:00:00+00:00,4668.238077064109
2026-01-19 22:00:00+00:00,4669.635446900114
2026-01-19 23:00:00+00:00,4672.416071439022
2026-01-20 00:00:00+00:00,4663.444166145613
2026-01-20 01:00:00+00:00,4657.209332110229
2026-01-20 02:00:00+00:00,4663.713465682376
2026-01-20 03:00:00+00:00,4661.48598857893
2026-01-20 04:00:00+00:00,4671.175080422304
2026-01-20 05:00:00+00:00,4686.169020941397
2026-01-20 06:00:00+00:00,4701.8466524336
2026-01-20 07:00:00+00:00,4706.196382448701
2026-01-20 08:00:00+00:00,4708.838272198083
2026-01-20 09:00:00+00:00,4722.6383169403
2026-01-20 10:00:00+00:00,4724.995271815087
2026-01-20 11:00:00+00:00,4720.784819454303
2026-01-20 12:00:00+00:00,4728.753797581752
2026-01-20 13:00:00+00:00,4719.798008210972
2026-01-20 14:00:00+00:00,4734.766794749913
2026-01-20 15:00:00+00:00,4737.52866599451
2026-01-20 16:00:00+00:00,4734.036957258797
2026-01-20 17:00:00+00:00,4748.087864039674
2026-01-20 18:00:00+00:00,4757.77045042762
2026-01-20 19:00:00+00:00,4755.898082272087
2026-01-20 20:00:00+00:00,4757.532997730224
2026-01-20 21:00:00+00:00,4755.8704781348815
2026-01-20 22:00:00+00:00,4761.778097044886
2026-01-20 23:00:00+00:00,4767.156968943059
2026-01-21 00:00:00+00:00,4776.474662012148
2026-01-21 01:00:00+00:00,4790.930166234293
2026-01-21 02:00:00+00:00,4844.355561894777
2026-01-21 03:00:00+00:00,4844.631951899532
2026-01-21 04:00:00+00:00,4849.09603771331
2026-01-21 05:00:00+00:00,4871.108222770473
2026-01-21 06:00:00+00:00,4876.490712685827
2026-01-21 07:00:00+00:00,4850.4088976972
2026-01-21 08:00:00+00:00,4862.110367878398
2026-01-21 09:00:00+00:00,4857.800548429188
2026-01-21 10:00:00+00:00,4868.336076309709
2026-01-21 11:00:00+00:00,4867.473853752113
2026-01-21 12:00:00+00:00,4871.22997091158
2026-01-21 13:00:00+00:00,4867.135540432034
2026-01-21 14:00:00+00:00,4882.299350168976
2026-01-21 15:00:00+00:00,4858.528155156662
2026-01-21 16:00:00+00:00,4849.447210194613
2026-01-21 17:00:00+00:00,4832.462115777441
2026-01-21 18:00:00+00:00,4828.871779482594
2026-01-21 19:00:00+00:00,4850.4259905238405
2026-01-21 20:00:00+00:00,4788.845156791936
2026-01-21 21:00:00+00:00,4822.469000950172
2026-01-21 22:00:00+00:00,4832.383721951476
2026-01-21 23:00:00+00:00,4829.994691193864
2026-01-22 00:00:00+00:00,4785.878011085735
2026-01-22 01:00:00+00:00,4785.4797657720765
2026-01-22 02:00:00+00:00,4794.5916632827375
2026-01-22 03:00:00+00:00,4784.523570625259
2026-01-22 04:00:00+00:00,4792.952409861205
2026-01-22 05:00:00+00:00,4794.363518973619
2026-01-22 06:00:00+00:00,4818.772146773018
2026-01-22 07:00:00+00:00,4824.237364894111
2026-01-22 08:00:00+00:00,4831.848348007451
2026-01-22 09:00:00+00:00,4829.075865604817
2026-01-22 10:00:00+00:00,4822.206617934486
2026-01-22 11:00:00+00:00,4826.493139462018
2026-01-22 12:00:00+00:00,4825.144567445886
2026-01-22 13:00:00+00:00,4816.099039864904
2026-01-22 14:00:00+00:00,4820.7018577022145
2026-01-22 15:00:00+00:00,4831.937698405365
2026-01-22 16:00:00+00:00,4869.086667786519
2026-01-22 17:00:00+00:00,4874.757514627118
2026-01-22 18:00:00+00:00,4902.712803153441
2026-01-22 19:00:00+00:00,4914.482356163823
2026-01-22 20:00:00+00:00,4910.742649582682
2026-01-22 21:00:00+00:00,4914.9727899441095
2026-01-22 22:00:00+00:00,4935.720320771252
2026-01-22 23:00:00+00:00,4943.870153748544
2026-01-23 00:00:00+00:00,4956.941971588032
2026-01-23 01:00:00+00:00,4954.906886509194
2026-01-23 02:00:00+00:00,4949.403147396669
2026-01-23 03:00:00+00:00,4953.496731712224
2026-01-23 04:00:00+00:00,4947.202007575644
2026-01-23 05:00:00+00:00,4950.541301227079
2026-01-23 06:00:00+00:00,4955.7352579326225
2026-01-23 07:00:00+00:00,4950.9924547222545
2026-01-23 08:00:00+00:00,4940.401313542335
2026-01-23 09:00:00+00:00,4912.755891131192
2026-01-23 10:00:00+00:00,4918.371373313294
2026-01-23 11:00:00+00:00,4925.98134434812
2026-01-23 12:00:00+00:00,4926.597090876022
2026-01-23 13:00:00+00:00,4938.778642517448
2026-01-23 14:00:00+00:00,4941.061490353288
2026-01-23 15:00:00+00:00,4944.708578919311
2026-01-23 16:00:00+00:00,4959.587684703514
2026-01-23 17:00:00+00:00,4980.7301897000725
2026-01-23 18:00:00+00:00,4972.181452427949
2026-01-23 19:00:00+00:00,4968.064334895158
2026-01-23 20:00:00+00:00,4980.495036193347
2026-01-23 21:00:00+00:00,4978.990766360747
2026-01-23 22:00:00+00:00,4984.8660446994845
2026-01-23 23:00:00+00:00,4978.999330893549
2026-01-24 00:00:00+00:00,4989.6640402836065
2026-01-24 01:00:00+00:00,4991.032188783256
2026-01-24 02:00:00+00:00,4997.424694129563
2026-01-24 03:00:00+00:00,4997.395825315792
2026-01-24 04:00:00+00:00,5000.204671809088
2026-01-24 05:00:00+00:00,4996.721232432796
2026-01-24 06:00:00+00:00,4988.8166324034755
2026-01-24 07:00:00+00:00,4991.07440152879
2026-01-24 08:00:00+00:00,4992.452034848638
2026-01-24 09:00:00+00:00,4995.395989039479
2026-01-24 10:00:00+00:00,4997.677197991992
2026-01-24 11:00:00+00:00,4999.955706201046
2026-01-24 12:00:00+00:00,4995.260256535785
2026-01-24 13:00:00+00:00,4998.734645446491
2026-01-24 14:00:00+00:00,5006.635451875041
2026-01-24 15:00:00+00:00,5007.135916069508
2026-01-24 16:00:00+00:00,5017.852055693574
2026-01-24 17:00:00+00:00,5029.918519761683
2026-01-24 18:00:00+00:00,5029.517616583253
2026-01-24 19:00:00+00:00,5044.780389863186
2026-01-24 20:00:00+00:00,5045.3217747217295
2026-01-24 21:00:00+00:00,5048.700083180707
2026-01-24 22:00:00+00:00,5063.416473520405
2026-01-24 23:00:00+00:00,5041.885892644711
2026-01-25 00:00:00+00:00,5025.0257304249135
2026-01-25 01:00:00+00:00,5034.079223578175
2026-01-25 02:00:00+00:00,5029.694025393727
2026-01-25 03:00:00+00:00,5031.974451727078
2026-01-25 04:00:00+00:00,5036.4597744983785
2026-01-25 05:00:00+00:00,5032.231230893765
2026-01-25 06:00:00+00:00,5040.972244875604
2026-01-25 07:00:00+00:00,5044.050952319656
2026-01-25 08:00:00+00:00,5046.011175586222
2026-01-25 09:00:00+00:00,5026.582719102797
2026-01-25 10:00:00+00:00,5028.843656635731
2026-01-25 11:00:00+00:00,5019.802133860341
2026-01-25 12:00:00+00:00,5027.345084671036
2026-01-25 13:00:00+00:00,5026.067570262358
2026-01-25 14:00:00+00:00,5028.262927769824
2026-01-25 15:00:00+00:00,5036.83090659642
2026-01-25 16:00:00+00:00,5031.4719350795185
2026-01-25 17:00:00+00:00,5053.79680613237
2026-01-25 18:00:00+00:00,5082.47963686146
2026-01-25 19:00:00+00:00,5052.255870385466
2026-01-25 20:00:00+00:00,5065.487010815726
2026-01-25 21:00:00+00:00,5065.905615903981
2026-01-25 22:00:00+00:00,5060.5479322869905
2026-01-25 23:00:00+00:00,5020.2907949926885
2026-01-26 00:00:00+00:00,5042.825578992549
2026-01-26 01:00:00+00:00,5047.118175722531
2026-01-26 02:00:00+00:00,5076.369176524018
2026-01-26 03:00:00+00:00,5076.152134511628
2026-01-26 04:00:00+00:00,5072.448151726155
2026-01-26 05:00:00+00:00,5068.865664082029
2026-01-26 06:00:00+00:00,5077.990958238571
2026-01-26 07:00:00+00:00,5076.330887451998
2026-01-26 08:00:00+00:00,5090.476474767614
2026-01-26 09:00:00+00:00,5091.291778116387
2026-01-26 10:00:00+00:00,5088.596930916444
2026-01-26 11:00:00+00:00,5096.340867284951
2026-01-26 12:00:00+00:00,5094.872262995396
2026-01-26 13:00:00+00:00,5083.699997334351
2026-01-26 14:00:00+00:00,5067.367784850626
2026-01-26 15:00:00+00:00,5093.014602067709
2026-01-26 16:00:00+00:00,5096.207886829627
2026-01-26 17:00:00+00:00,5093.8786565165965
2026-01-26 18:00:00+00:00,5102.772255412496
2026-01-26 19:00:00+00:00,5069.813580732271
2026-01-26 20:00:00+00:00,5038.440453780701
2026-01-26 21:00:00+00:00,5055.788816034028
2026-01-26 22:00:00+00:00,5008.07186386012
2026-01-26 23:00:00+00:00,5013.904046932016
2026-01-27 00:00:00+00:00,5041.506079178377
2026-01-27 01:00:00+00:00,5021.995518036786
2026-01-27 02:00:00+00:00,5051.474399392915
2026-01-27 03:00:00+00:00,5064.165347445255
2026-01-27 04:00:00+00:00,5070.116981599504
2026-01-27 05:00:00+00:00,5059.263508609465
2026-01-27 06:00:00+00:00,5075.698714007519
2026-01-27 07:00:00+00:00,5076.632625105785
2026-01-27 08:00:00+00:00,5080.257972281908
2026-01-27 09:00:00+00:00,5073.819352234764
2026-01-27 10:00:00+00:00,5090.559628829502
2026-01-27 11:00:00+00:00,5082.317051310798
2026-01-27 12:00:00+00:00,5076.511110138742
2026-01-27 13:00:00+00:00,5082.471883649609
2026-01-27 14:00:00+00:00,5067.863398145508
2026-01-27 15:00:00+00:00,5053.784449863767
2026-01-27 16:00:00+00:00,5082.402550459507
2026-01-27 17:00:00+00:00,5081.449018925649
2026-01-27 18:00:00+00:00,5079.2591417348885
2026-01-27 19:00:00+00:00,5080.715780122824
2026-01-27 20:00:00+00:00,5092.597100619835
2026-01-27 21:00:00+00:00,5171.252699926797
2026-01-27 22:00:00+00:00,5174.16227091535
2026-01-27 23:00:00+00:00,5175.994296860455
2026-01-28 00:00:00+00:00,5163.042441432119
2026-01-28 01:00:00+00:00,5172.135050691767
2026-01-28 02:00:00+00:00,5214.439649506217
2026-01-28 03:00:00+00:00,5235.924862535096
2026-01-28 04:00:00+00:00,5238.644987575406
2026-01-28 05:00:00+00:00,5246.840330586207
2026-01-28 06:00:00+00:00,5265.118382180809
2026-01-28 07:00:00+00:00,5266.1360595159
2026-01-28 08:00:00+00:00,5292.501234369887
2026-01-28 09:00:00+00:00,5299.525823813676
2026-01-28 10:00:00+00:00,5279.082509419989
2026-01-28 11:00:00+00:00,5268.145932911446
2026-01-28 12:00:00+00:00,5262.512033690474
2026-01-28 13:00:00+00:00,5282.004390775055
2026-01-28 14:00:00+00:00,5265.214757196267
2026-01-28 15:00:00+00:00,5292.360497333996
2026-01-28 16:00:00+00:00,5280.465058543887
2026-01-28 17:00:00+00:00,5303.215690265811
2026-01-28 18:00:00+00:00,5296.662611813455
2026-01-28 19:00:00+00:00,5282.086245232115
2026-01-28 20:00:00+00:00,5333.600332945263
2026-01-28 21:00:00+00:00,5383.421896579368
2026-01-28 22:00:00+00:00,5421.511220951842
2026-01-28 23:00:00+00:00,5452.529799963609
2026-01-29 00:00:00+00:00,5486.569497387119
2026-01-29 01:00:00+00:00,5511.7164345210385
2026-01-29 02:00:00+00:00,5535.795454199979
2026-01-29 03:00:00+00:00,5548.459427953271
2026-01-29 04:00:00+00:00,5551.146924980926
2026-01-29 05:00:00+00:00,5561.428192423472
2026-01-29 06:00:00+00:00,5575.889220494385
2026-01-29 07:00:00+00:00,5580.958137903331
2026-01-29 08:00:00+00:00,5559.202816505562
2026-01-29 09:00:00+00:00,5516.8093695878315
2026-01-29 10:00:00+00:00,5524.454189678899
2026-01-29 11:00:00+00:00,5498.089753718298
2026-01-29 12:00:00+00:00,5533.276397784314
2026-01-29 13:00:00+00:00,5548.882864205569
2026-01-29 14:00:00+00:00,5528.213220702672
2026-01-29 15:00:00+00:00,5485.957346845925
2026-01-29 16:00:00+00:00,5235.370423971741
2026-01-29 17:00:00+00:00,5298.544953824584
2026-01-29 18:00:00+00:00,5352.700238172495
2026-01-29 19:00:00+00:00,5332.375079100811
2026-01-29 20:00:00+00:00,5302.932856787596
2026-01-29 21:00:00+00:00,5406.871219793827
2026-01-29 22:00:00+00:00,5380.605044487596
2026-01-29 23:00:00+00:00,5411.605056061679
2026-01-30 00:00:00+00:00,5441.904385962764
2026-01-30 01:00:00+00:00,5389.646168563055
2026-01-30 02:00:00+00:00,5302.335793235472
2026-01-30 03:00:00+00:00,5222.811410943693
2026-01-30 04:00:00+00:00,5212.0098238127775
2026-01-30 05:00:00+00:00,5212.1795125016415
2026-01-30 06:00:00+00:00,5193.788493221392
2026-01-30 07:00:00+00:00,5137.732038820274
2026-01-30 08:00:00+00:00,5161.41952807498
2026-01-30 09:00:00+00:00,5121.505035370484
2026-01-30 10:00:00+00:00,5033.59141565146
2026-01-30 11:00:00+00:00,5112.593597378226
2026-01-30 12:00:00+00:00,5142.489598357804
2026-01-30 13:00:00+00:00,5073.878060569282
2026-01-30 14:00:00+00:00,5055.127907019285
2026-01-30 15:00:00+00:00,5011.016362572836
2026-01-30 16:00:00+00:00,5047.514379869133
2026-01-30 17:00:00+00:00,4985.005539713278
2026-01-30 18:00:00+00:00,4872.007768571149
2026-01-30 19:00:00+00:00,4907.440086189939
2026-01-30 20:00:00+00:00,4898.6573351398165
2026-01-30 21:00:00+00:00,4846.964491748097
2026-01-30 22:00:00+00:00,4896.544376473112
2026-01-30 23:00:00+00:00,4886.309224292025
2026-01-31 00:00:00+00:00,4892.403667120859
2026-01-31 01:00:00+00:00,4875.527919474098
2026-01-31 02:00:00+00:00,4891.803009886505
2026-01-31 03:00:00+00:00,4889.580982916785
2026-01-31 04:00:00+00:00,4898.3636515599355
2026-01-31 05:00:00+00:00,4903.3081623085
2026-01-31 06:00:00+00:00,4914.247109866271
2026-01-31 07:00:00+00:00,4911.04197527938
2026-01-31 08:00:00+00:00,4917.038002421306
2026-01-31 09:00:00+00:00,4915.164812959793
2026-01-31 10:00:00+00:00,4897.151731153788
2026-01-31 11:00:00+00:00,4902.890995942242
2026-01-31 12:00:00+00:00,4888.85992714082
2026-01-31 13:00:00+00:00,4900.653385165075
2026-01-31 14:00:00+00:00,4900.069317344046
2026-01-31 15:00:00+00:00,4882.716951743081
2026-01-31 16:00:00+00:00,4881.008872777171
2026-01-31 17:00:00+00:00,4872.498162680564
2026-01-31 18:00:00+00:00,4828.456870122241
2026-01-31 19:00:00+00:00,4853.955358868618
2026-01-31 20:00:00+00:00,4829.4831355946335
2026-01-31 21:00:00+00:00,4816.693618628481
2026-01-31 22:00:00+00:00,4807.33395224079
2026-01-31 23:00:00+00:00,4785.478157089939
2026-02-01 00:00:00+00:00,4808.364968010982
2026-02-01 01:00:00+00:00,4837.169241700844
2026-02-01 02:00:00+00:00,4833.534300508519
2026-02-01 03:00:00+00:00,4833.425769882729
2026-02-01 04:00:00+00:00,4820.195726411015
2026-02-01 05:00:00+00:00,4833.206330675541
2026-02-01 06:00:00+00:00,4848.124574902987
2026-02-01 07:00:00+00:00,4833.247792138145
2026-02-01 08:00:00+00:00,4838.020305474503
2026-02-01 09:00:00+00:00,4833.223421119347
2026-02-01 10:00:00+00:00,4836.25597715613
2026-02-01 11:00:00+00:00,4835.7381530987905
2026-02-01 12:00:00+00:00,4829.423256967774
2026-02-01 13:00:00+00:00,4819.768317588216
2026-02-01 14:00:00+00:00,4815.293265560274
2026-02-01 15:00:00+00:00,4788.818144315721
2026-02-01 16:00:00+00:00,4782.299132546376
2026-02-01 17:00:00+00:00,4782.192902459196
2026-02-01 18:00:00+00:00,4816.40623670176
2026-02-01 19:00:00+00:00,4811.76900809616
2026-02-01 20:00:00+00:00,4795.1723405993025
2026-02-01 21:00:00+00:00,4796.225161419182
2026-02-01 22:00:00+00:00,4782.734155779961
2026-02-01 23:00:00+00:00,4797.188322552801
2026-02-02 00:00:00+00:00,4741.399000082566
2026-02-02 01:00:00+00:00,4740.296586142845
2026-02-02 02:00:00+00:00,4715.469370285913
2026-02-02 03:00:00+00:00,4703.783097926761
2026-02-02 04:00:00+00:00,4629.839125391115
2026-02-02 05:00:00+00:00,4670.575605245625
2026-02-02 06:00:00+00:00,4565.892664077329
2026-02-02 07:00:00+00:00,4521.335322644886
2026-02-02 08:00:00+00:00,4578.721080679349
2026-02-02 09:00:00+00:00,4633.085366574197
2026-02-02 10:00:00+00:00,4717.466883243297
2026-02-02 11:00:00+00:00,4700.662548164998
2026-02-02 12:00:00+00:00,4758.315273570519
2026-02-02 13:00:00+00:00,4740.1231602024645
2026-02-02 14:00:00+00:00,4714.896735471184
2026-02-02 15:00:00+00:00,4698.197685807283
2026-02-02 16:00:00+00:00,4603.727572494624
2026-02-02 17:00:00+00:00,4674.635625712935
2026-02-02 18:00:00+00:00,4652.842700367304
2026-02-02 19:00:00+00:00,4648.093454101378
2026-02-02 20:00:00+00:00,4690.563796903228
2026-02-02 21:00:00+00:00,4656.002705905167
2026-02-02 22:00:00+00:00,4666.000695056606
2026-02-02 23:00:00+00:00,4687.532795130933
2026-02-03 00:00:00+00:00,4775.280277319207
2026-02-03 01:00:00+00:00,4769.331446375863
2026-02-03 02:00:00+00:00,4824.295259217114
2026-02-03 03:00:00+00:00,4780.1622987325645
2026-02-03 04:00:00+00:00,4810.122040617664
2026-02-03 05:00:00+00:00,4814.762053519209
2026-02-03 06:00:00+00:00,4820.902904657279
2026-02-03 07:00:00+00:00,4871.202693275836
2026-02-03 08:00:00+00:00,4913.9030091622935
2026-02-03 09:00:00+00:00,4912.796573764869
2026-02-03 10:00:00+00:00,4912.292166346897
2026-02-03 11:00:00+00:00,4890.3695044996875
2026-02-03 12:00:00+00:00,4921.885917676067
2026-02-03 13:00:00+00:00,4913.3394617451795
2026-02-03 14:00:00+00:00,4925.12315110115
2026-02-03 15:00:00+00:00,4916.470050370911
2026-02-03 16:00:00+00:00,4940.859129962344
2026-02-03 17:00:00+00:00,4959.316110403839
2026-02-03 18:00:00+00:00,4928.288192534571
2026-02-03 19:00:00+00:00,4893.224475369501
2026-02-03 20:00:00+00:00,4907.244486503737
2026-02-03 21:00:00+00:00,4935.835863087388
2026-02-03 22:00:00+00:00,4934.14171113788
2026-02-03 23:00:00+00:00,4948.116184288942
2026-02-04 00:00:00+00:00,4936.51209994532
2026-02-04 01:00:00+00:00,5002.745677371047
2026-02-04 02:00:00+00:00,5046.112059680606
2026-02-04 03:00:00+00:00,5026.318347401016
2026-02-04 04:00:00+00:00,5057.699146000818
2026-02-04 05:00:00+00:00,5068.752080385134
2026-02-04 06:00:00+00:00,5074.6073472341095
2026-02-04 07:00:00+00:00,5065.019711998532
2026-02-04 08:00:00+00:00,5079.907018466138
2026-02-04 09:00:00+00:00,5071.009026641691
2026-02-04 10:00:00+00:00,5051.172164180418
2026-02-04 11:00:00+00:00,5037.35128428037
2026-02-04 12:00:00+00:00,5038.173739831559
2026-02-04 13:00:00+00:00,5024.224637159953
2026-02-04 14:00:00+00:00,5037.840731793925
2026-02-04 15:00:00+00:00,4966.411125052213
2026-02-04 16:00:00+00:00,4899.774492310693
2026-02-04 17:00:00+00:00,4885.874597354632
2026-02-04 18:00:00+00:00,4861.585060627784
2026-02-04 19:00:00+00:00,4913.632801690301
2026-02-04 20:00:00+00:00,4925.445347954498
2026-02-04 21:00:00+00:00,4929.074557214485
2026-02-04 22:00:00+00:00,4944.917122765794
2026-02-04 23:00:00+00:00,4961.810606593174
2026-02-05 00:00:00+00:00,4992.097892316793
2026-02-05 01:00:00+00:00,4981.005824735073
2026-02-05 02:00:00+00:00,4929.0475335284345
2026-02-05 03:00:00+00:00,4788.31636652446
2026-02-05 04:00:00+00:00,4856.424274258341
2026-02-05 05:00:00+00:00,4845.765921710606
2026-02-05 06:00:00+00:00,4853.9641593095685
2026-02-05 07:00:00+00:00,4892.0338289641495
2026-02-05 08:00:00+00:00,4890.4554134640375
2026-02-05 09:00:00+00:00,4871.408709166001
2026-02-05 10:00:00+00:00,4830.79785567576
2026-02-05 11:00:00+00:00,4853.9920586883245
2026-02-05 12:00:00+00:00,4837.904459857881
2026-02-05 13:00:00+00:00,4801.06850469353
2026-02-05 14:00:00+00:00,4796.435724131599
2026-02-05 15:00:00+00:00,4819.932091433128
2026-02-05 16:00:00+00:00,4791.733851149017
2026-02-05 17:00:00+00:00,4850.902019467619
2026-02-05 18:00:00+00:00,4832.561911761458
2026-02-05 19:00:00+00:00,4826.094957978349
2026-02-05 20:00:00+00:00,4786.210881767849
2026-02-05 21:00:00+00:00,4768.260172361428
2026-02-05 22:00:00+00:00,4735.157395043788
2026-02-05 23:00:00+00:00,4718.873708448305
2026-02-06 00:00:00+00:00,4651.395755300183
2026-02-06 01:00:00+00:00,4686.866372882406
2026-02-06 02:00:00+00:00,4727.4521373773505
2026-02-06 03:00:00+00:00,4753.529502464815
2026-02-06 04:00:00+00:00,4757.59278720545
2026-02-06 05:00:00+00:00,4754.899869789082
2026-02-06 06:00:00+00:00,4837.833144429174
2026-02-06 07:00:00+00:00,4790.312485074691
2026-02-06 08:00:00+00:00,4784.6933163191125
2026-02-06 09:00:00+00:00,4797.404804143947
2026-02-06 10:00:00+00:00,4828.597304120121
2026-02-06 11:00:00+00:00,4838.6909444097655
2026-02-06 12:00:00+00:00,4852.302654455351
2026-02-06 13:00:00+00:00,4865.553681289595
2026-02-06 14:00:00+00:00,4884.80856463028
2026-02-06 15:00:00+00:00,4908.545863480008
2026-02-06 16:00:00+00:00,4907.292636143177
2026-02-06 17:00:00+00:00,4915.580579167558
2026-02-06 18:00:00+00:00,4921.416316900324
2026-02-06 19:00:00+00:00,4918.086972550889
2026-02-06 20:00:00+00:00,4910.095276574916
2026-02-06 21:00:00+00:00,4903.422800543895
2026-02-06 22:00:00+00:00,4920.512121766934
2026-02-06 23:00:00+00:00,4921.158545594664
2026-02-07 00:00:00+00:00,4905.402084684465
2026-02-07 01:00:00+00:00,4889.877417371087
2026-02-07 02:00:00+00:00,4891.2534422454955
2026-02-07 03:00:00+00:00,4892.949412746627
2026-02-07 04:00:00+00:00,4888.727491236495
2026-02-07 05:00:00+00:00,4891.25407145512
2026-02-07 06:00:00+00:00,4890.927415210368
2026-02-07 07:00:00+00:00,4906.949929818587
2026-02-07 08:00:00+00:00,4898.277447441395
2026-02-07 09:00:00+00:00,4902.936595545988
2026-02-07 10:00:00+00:00,4916.899245000336
2026-02-07 11:00:00+00:00,4917.194926771553
2026-02-07 12:00:00+00:00,4910.601626427215
2026-02-07 13:00:00+00:00,4918.276134355494
2026-02-07 14:00:00+00:00,4920.876282507713
2026-02-07 15:00:00+00:00,4914.105380157648
2026-02-07 16:00:00+00:00,4917.467195708978
2026-02-07 17:00:00+00:00,4915.5384683523425
2026-02-07 18:00:00+00:00,4922.13968001073
2026-02-07 19:00:00+00:00,4925.726433890672
2026-02-07 20:00:00+00:00,4942.603101995204
2026-02-07 21:00:00+00:00,4954.584704868728
2026-02-07 22:00:00+00:00,4959.443743114237
2026-02-07 23:00:00+00:00,4948.659184377233
2026-02-08 00:00:00+00:00,4953.975905829947
2026-02-08 01:00:00+00:00,4951.4958835759435
2026-02-08 02:00:00+00:00,4961.838235825218
2026-02-08 03:00:00+00:00,4961.181484333855
2026-02-08 04:00:00+00:00,4964.033378113825
2026-02-08 05:00:00+00:00,4969.295545995687
2026-02-08 06:00:00+00:00,4976.957736695108
2026-02-08 07:00:00+00:00,4977.289643626425
2026-02-08 08:00:00+00:00,4969.66591053554
2026-02-08 09:00:00+00:00,4975.666401472388
2026-02-08 10:00:00+00:00,4969.778658776132
2026-02-08 11:00:00+00:00,4960.236857819492
2026-02-08 12:00:00+00:00,4967.685316020013
2026-02-08 13:00:00+00:00,4972.367818987422
2026-02-08 14:00:00+00:00,4970.207753726127
2026-02-08 15:00:00+00:00,4963.755058759393
2026-02-08 16:00:00+00:00,4964.739645082524
2026-02-08 17:00:00+00:00,4962.801888537087
2026-02-08 18:00:00+00:00,4965.323260628221
2026-02-08 19:00:00+00:00,4969.511455624271
2026-02-08 20:00:00+00:00,4973.714464159822
2026-02-08 21:00:00+00:00,4974.753459334756
2026-02-08 22:00:00+00:00,4979.274485968442
2026-02-08 23:00:00+00:00,4956.378781073953
2026-02-09 00:00:00+00:00,5011.14730164045
2026-02-09 01:00:00+00:00,5002.973936237185
2026-02-09 02:00:00+00:00,4951.921390215893
2026-02-09 03:00:00+00:00,4980.80388937319
2026-02-09 04:00:00+00:00,4983.7404944804175
2026-02-09 05:00:00+00:00,4982.356967762063
2026-02-09 06:00:00+00:00,5008.006334858842
2026-02-09 07:00:00+00:00,4996.92428946503
2026-02-09 08:00:00+00:00,4977.5713556734145
2026-02-09 09:00:00+00:00,4999.929458240658
2026-02-09 10:00:00+00:00,4975.422775303902
2026-02-09 11:00:00+00:00,4970.21670086083
2026-02-09 12:00:00+00:00,4985.604880814936
2026-02-09 13:00:00+00:00,4988.782426401832
2026-02-09 14:00:00+00:00,4985.428088008989
2026-02-09 15:00:00+00:00,5017.303970334986
2026-02-09 16:00:00+00:00,5037.234911754273
2026-02-09 17:00:00+00:00,5055.5680291824865
2026-02-09 18:00:00+00:00,5034.1703002983495
2026-02-09 19:00:00+00:00,5047.148432692852
2026-02-09 20:00:00+00:00,5055.835618276232
2026-02-09 21:00:00+00:00,5061.875342022047
2026-02-09 22:00:00+00:00,5045.939132465624
2026-02-09 23:00:00+00:00,5051.093506596373
2026-02-10 00:00:00+00:00,5017.405651120224
2026-02-10 01:00:00+00:00,5001.919218505583
2026-02-10 02:00:00+00:00,5012.133475565487
2026-02-10 03:00:00+00:00,5019.355610579285
2026-02-10 04:00:00+00:00,5005.391142508798
2026-02-10 05:00:00+00:00,5012.792675156749
2026-02-10 06:00:00+00:00,5019.079880090973
2026-02-10 07:00:00+00:00,5002.165559110783
2026-02-10 08:00:00+00:00,5008.295086256102
2026-02-10 09:00:00+00:00,5023.153634499699
2026-02-10 10:00:00+00:00,5026.18214605563
2026-02-10 11:00:00+00:00,5024.7218337302875
2026-02-10 12:00:00+00:00,5028.239980224447
2026-02-10 13:00:00+00:00,5006.092625975235
2026-02-10 14:00:00+00:00,5024.792234683273
2026-02-10 15:00:00+00:00,5007.644784829023
2026-02-10 16:00:00+00:00,4999.439112878611
2026-02-10 17:00:00+00:00,5004.613658400851
2026-02-10 18:00:00+00:00,5004.557169888611
2026-02-10 19:00:00+00:00,4991.116555628603
2026-02-10 20:00:00+00:00,5004.317545029523
2026-02-10 21:00:00+00:00,5006.2544354470365
2026-02-10 22:00:00+00:00,4999.851919009952
2026-02-10 23:00:00+00:00,5005.485521340213
2026-02-11 00:00:00+00:00,5012.563443191779
2026-02-11 01:00:00+00:00,5011.910359576687
2026-02-11 02:00:00+00:00,5022.601715436221
2026-02-11 03:00:00+00:00,5021.928673343948
2026-02-11 04:00:00+00:00,5027.134701442508
2026-02-11 05:00:00+00:00,5014.57582552425
2026-02-11 06:00:00+00:00,5020.662631451307
2026-02-11 07:00:00+00:00,5029.768192744213
2026-02-11 08:00:00+00:00,5030.008027459076
2026-02-11 09:00:00+00:00,5028.791084064573
2026-02-11 10:00:00+00:00,5041.282084898147
2026-02-11 11:00:00+00:00,5069.53333769785
2026-02-11 12:00:00+00:00,5089.704348475289
2026-02-11 13:00:00+00:00,5061.496308757323
2026-02-11 14:00:00+00:00,5042.435773560604
2026-02-11 15:00:00+00:00,5034.5314377489685
2026-02-11 16:00:00+00:00,5034.2826094741895
2026-02-11 17:00:00+00:00,5047.712188493633
2026-02-11 18:00:00+00:00,5062.400933323515
2026-02-11 19:00:00+00:00,5056.759174906427
2026-02-11 20:00:00+00:00,5055.532509388333
2026-02-11 21:00:00+00:00,5060.581312477921
2026-02-11 22:00:00+00:00,5051.352730720447
2026-02-11 23:00:00+00:00,5064.820703790879
2026-02-12 00:00:00+00:00,5028.213025961605
2026-02-12 01:00:00+00:00,5026.420309600399
2026-02-12 02:00:00+00:00,5044.107592012452
2026-02-12 03:00:00+00:00,5032.407829723715
2026-02-12 04:00:00+00:00,5024.098573029596
2026-02-12 05:00:00+00:00,5032.171740352082
2026-02-12 06:00:00+00:00,5037.386796504245
2026-02-12 07:00:00+00:00,5024.7769696207115
2026-02-12 08:00:00+00:00,5036.9948489712815
2026-02-12 09:00:00+00:00,5039.787298718374
2026-02-12 10:00:00+00:00,5048.800810061756
2026-02-12 11:00:00+00:00,5034.308924180296
2026-02-12 12:00:00+00:00,5039.951511297164
2026-02-12 13:00:00+00:00,5030.166064071783
2026-02-12 14:00:00+00:00,5051.419615270141
2026-02-12 15:00:00+00:00,5024.051442027268
2026-02-12 16:00:00+00:00,5034.837176831989
2026-02-12 17:00:00+00:00,4931.568141885618
2026-02-12 18:00:00+00:00,4922.861793254004
2026-02-12 19:00:00+00:00,4910.1305698255555
2026-02-12 20:00:00+00:00,4926.620872026629
2026-02-12 21:00:00+00:00,4895.461280689653
2026-02-12 22:00:00+00:00,4900.277776581795
2026-02-12 23:00:00+00:00,4876.987238434164
2026-02-13 00:00:00+00:00,4896.421815901974
2026-02-13 01:00:00+00:00,4926.814013239864
2026-02-13 02:00:00+00:00,4953.96086469485
2026-02-13 03:00:00+00:00,4959.675167156434
2026-02-13 04:00:00+00:00,4956.092517100146
2026-02-13 05:00:00+00:00,4952.100650457948
2026-02-13 06:00:00+00:00,4928.340507590749
2026-02-13 07:00:00+00:00,4935.30272794214
2026-02-13 08:00:00+00:00,4952.629862038175
2026-02-13 09:00:00+00:00,4957.807367031559
2026-02-13 10:00:00+00:00,4947.794387343687
2026-02-13 11:00:00+00:00,4930.301509896223
2026-02-13 12:00:00+00:00,4933.0679941609305
2026-02-13 13:00:00+00:00,4950.493225155744
2026-02-13 14:00:00+00:00,4967.713309393622
2026-02-13 15:00:00+00:00,4976.594756535257
2026-02-13 16:00:00+00:00,4959.978503172797
2026-02-13 17:00:00+00:00,4989.517096157237
2026-02-13 18:00:00+00:00,4998.960494633522
2026-02-13 19:00:00+00:00,5014.038757078176
2026-02-13 20:00:00+00:00,5011.160905073767
2026-02-13 21:00:00+00:00,5009.711515687916
2026-02-13 22:00:00+00:00,5016.432952572718
2026-02-13 23:00:00+00:00,5011.79780578276
2026-02-14 00:00:00+00:00,5011.62203114938
2026-02-14 01:00:00+00:00,5012.895787401397
2026-02-14 02:00:00+00:00,5010.074057761919
2026-02-14 03:00:00+00:00,5006.934939572233
2026-02-14 04:00:00+00:00,5005.824087537872
2026-02-14 05:00:00+00:00,4999.998587552438
2026-02-14 06:00:00+00:00,5002.982094438716
2026-02-14 07:00:00+00:00,4998.478773958665
2026-02-14 08:00:00+00:00,4998.53562417905
2026-02-14 09:00:00+00:00,5000.24939567934
2026-02-14 10:00:00+00:00,4997.676711485066
2026-02-14 11:00:00+00:00,4995.146511855105
2026-02-14 12:00:00+00:00,4998.801846789665
2026-02-14 13:00:00+00:00,4999.760562873001
2026-02-14 14:00:00+00:00,4999.753255621373
2026-02-14 15:00:00+00:00,4998.227159122588
2026-02-14 16:00:00+00:00,4997.723563614425
2026-02-14 17:00:00+00:00,4997.298333657577
2026-02-14 18:00:00+00:00,4998.575503855514
2026-02-14 19:00:00+00:00,4999.625666194474
2026-02-14 20:00:00+00:00,4998.7574619068055
2026-02-14 21:00:00+00:00,4997.12146184243
2026-02-14 22:00:00+00:00,4997.86022217531
2026-02-14 23:00:00+00:00,4997.054188789603
2026-02-15 00:00:00+00:00,4995.328782870397
2026-02-15 01:00:00+00:00,4997.539198237123
2026-02-15 02:00:00+00:00,4999.92209725757
2026-02-15 03:00:00+00:00,5001.665394072576
2026-02-15 04:00:00+00:00,5003.760033225849
2026-02-15 05:00:00+00:00,5003.942924614375
2026-02-15 06:00:00+00:00,5000.912748366198
2026-02-15 07:00:00+00:00,5000.499308874155
2026-02-15 08:00:00+00:00,5004.523291708935
2026-02-15 09:00:00+00:00,5014.002427220375
2026-02-15 10:00:00+00:00,5008.718598251497
2026-02-15 11:00:00+00:00,5008.750613144689
2026-02-15 12:00:00+00:00,5008.056275340837
2026-02-15 13:00:00+00:00,5000.451459292967
2026-02-15 14:00:00+00:00,4999.716144407369
2026-02-15 15:00:00+00:00,5002.849058058505
2026-02-15 16:00:00+00:00,5005.392749980816
2026-02-15 17:00:00+00:00,5009.1768611291245
2026-02-15 18:00:00+00:00,5002.177319842687
2026-02-15 19:00:00+00:00,5000.014621323605
2026-02-15 20:00:00+00:00,4996.403795211848
2026-02-15 21:00:00+00:00,5003.317733295434
2026-02-15 22:00:00+00:00,5007.083298162712
2026-02-15 23:00:00+00:00,4997.296234016546
2026-02-16 00:00:00+00:00,4992.3685177198195
2026-02-16 01:00:00+00:00,4984.526334490841
2026-02-16 02:00:00+00:00,5002.622087173635
2026-02-16 03:00:00+00:00,4969.200018981302
2026-02-16 04:00:00+00:00,4964.994935227297
2026-02-16 05:00:00+00:00,4954.537929245539
2026-02-16 06:00:00+00:00,4966.525798313834
2026-02-16 07:00:00+00:00,4971.259213049724
2026-02-16 08:00:00+00:00,4986.853033549633
2026-02-16 09:00:00+00:00,4987.839808761087
2026-02-16 10:00:00+00:00,4993.177858055687
2026-02-16 11:00:00+00:00,4983.693155899643
2026-02-16 12:00:00+00:00,4981.487797512746
2026-02-16 13:00:00+00:00,4979.098128392646
2026-02-16 14:00:00+00:00,4974.290466082548
2026-02-16 15:00:00+00:00,4959.951059642288
2026-02-16 16:00:00+00:00,4956.665863644733
2026-02-16 17:00:00+00:00,4967.706686226279
2026-02-16 18:00:00+00:00,4968.702376736499
2026-02-16 19:00:00+00:00,4972.786996726407
2026-02-16 20:00:00+00:00,4967.098204137879
2026-02-16 21:00:00+00:00,4968.921167266358
2026-02-16 22:00:00+00:00,4969.861778539866
2026-02-16 23:00:00+00:00,4968.045829283129
2026-02-17 00:00:00+00:00,4966.852354217037
2026-02-17 01:00:00+00:00,4917.128082198506
2026-02-17 02:00:00+00:00,4936.538723614192
2026-02-17 03:00:00+00:00,4946.407947203642
2026-02-17 04:00:00+00:00,4932.684262951542
2026-02-17 05:00:00+00:00,4930.717204914819
2026-02-17 06:00:00+00:00,4873.120730279245
2026-02-17 07:00:00+00:00,4886.531644055648
2026-02-17 08:00:00+00:00,4902.564260212813
2026-02-17 09:00:00+00:00,4904.844038737908
2026-02-17 10:00:00+00:00,4906.805532048605
2026-02-17 11:00:00+00:00,4897.536171104117
2026-02-17 12:00:00+00:00,4911.458988157495
2026-02-17 13:00:00+00:00,4912.179618106168
2026-02-17 14:00:00+00:00,4844.306335330911
2026-02-17 15:00:00+00:00,4837.472949083409
2026-02-17 16:00:00+00:00,4859.73186700257
2026-02-17 17:00:00+00:00,4845.157420833028
2026-02-17 18:00:00+00:00,4846.544068554783
2026-02-17 19:00:00+00:00,4877.951643124179
2026-02-17 20:00:00+00:00,4863.01427365027
2026-02-17 21:00:00+00:00,4860.685795733066
2026-02-17 22:00:00+00:00,4862.522795299153
2026-02-17 23:00:00+00:00,4850.005456355024
2026-02-18 00:00:00+00:00,4845.662117707498
2026-02-18 01:00:00+00:00,4859.641599998107
2026-02-18 02:00:00+00:00,4868.690366630092
2026-02-18 03:00:00+00:00,4883.439759252932
2026-02-18 04:00:00+00:00,4898.744539468436
2026-02-18 05:00:00+00:00,4914.4915746080405
2026-02-18 06:00:00+00:00,4911.408680440476
2026-02-18 07:00:00+00:00,4911.3649764696975
2026-02-18 08:00:00+00:00,4912.244418654279
2026-02-18 09:00:00+00:00,4900.414574075271
2026-02-18 10:00:00+00:00,4900.649801979661
2026-02-18 11:00:00+00:00,4896.539815018437
2026-02-18 12:00:00+00:00,4900.335436333526
2026-02-18 13:00:00+00:00,4933.095023008212
2026-02-18 14:00:00+00:00,4936.37130166267
2026-02-18 15:00:00+00:00,4975.362175608608
2026-02-18 16:00:00+00:00,4977.653058890958
2026-02-18 17:00:00+00:00,4981.013764446811
2026-02-18 18:00:00+00:00,4978.554045896743
2026-02-18 19:00:00+00:00,4965.974746763774
2026-02-18 20:00:00+00:00,4958.470271149778
2026-02-18 21:00:00+00:00,4962.178089811179
2026-02-18 22:00:00+00:00,4958.964864120197
2026-02-18 23:00:00+00:00,4951.747770372737
2026-02-19 00:00:00+00:00,4946.44303562653
2026-02-19 01:00:00+00:00,4942.335903300426
2026-02-19 02:00:00+00:00,4952.1777028938395
2026-02-19 03:00:00+00:00,4948.121881994422
2026-02-19 04:00:00+00:00,4961.516145444388
2026-02-19 05:00:00+00:00,4966.256864915667
2026-02-19 06:00:00+00:00,4978.6690817709095
2026-02-19 07:00:00+00:00,4997.988250150682
2026-02-19 08:00:00+00:00,4989.73440666617
2026-02-19 09:00:00+00:00,4997.6050042156285
2026-02-19 10:00:00+00:00,4976.920965981265
2026-02-19 11:00:00+00:00,4973.937317517678
2026-02-19 12:00:00+00:00,4966.980799047976
2026-02-19 13:00:00+00:00,4966.690954950149
2026-02-19 14:00:00+00:00,4975.869694427572
2026-02-19 15:00:00+00:00,4985.646556039381
2026-02-19 16:00:00+00:00,4993.354428113276
2026-02-19 17:00:00+00:00,4974.3308972743425
2026-02-19 18:00:00+00:00,4967.442907884221
2026-02-19 19:00:00+00:00,4963.534051325194
2026-02-19 20:00:00+00:00,4971.5829437691045
2026-02-19 21:00:00+00:00,4983.192121027525
2026-02-19 22:00:00+00:00,4978.4099515628595
2026-02-19 23:00:00+00:00,4980.602980702282
2026-02-20 00:00:00+00:00,4972.90121491744
2026-02-20 01:00:00+00:00,4991.329216669481
2026-02-20 02:00:00+00:00,4981.119346163329
2026-02-20 03:00:00+00:00,4979.557464181106
2026-02-20 04:00:00+00:00,4975.078695934843
2026-02-20 05:00:00+00:00,4985.552737234521
2026-02-20 06:00:00+00:00,4995.315164658369
2026-02-20 07:00:00+00:00,5000.800125182657
2026-02-20 08:00:00+00:00,4993.6559400905235
2026-02-20 09:00:00+00:00,5008.960507384252
2026-02-20 10:00:00+00:00,5006.549948092432
2026-02-20 11:00:00+00:00,5013.962660789947
2026-02-20 12:00:00+00:00,5000.083503029666
2026-02-20 13:00:00+00:00,5007.15896433922
2026-02-20 14:00:00+00:00,5027.929481946523
2026-02-20 15:00:00+00:00,5042.793635596357
2026-02-20 16:00:00+00:00,5026.083786679011
2026-02-20 17:00:00+00:00,5049.309939061028
2026-02-20 18:00:00+00:00,5054.875965087163
2026-02-20 19:00:00+00:00,5055.5945597443815
2026-02-20 20:00:00+00:00,5061.748171039757
2026-02-20 21:00:00+00:00,5078.055903794008
2026-02-20 22:00:00+00:00,5088.049910563405
2026-02-20 23:00:00+00:00,5081.038570032547
2026-02-21 00:00:00+00:00,5083.693216766183
2026-02-21 01:00:00+00:00,5087.9069572240805
2026-02-21 02:00:00+00:00,5086.807884980548
2026-02-21 03:00:00+00:00,5084.730950348991
2026-02-21 04:00:00+00:00,5084.82096637353
2026-02-21 05:00:00+00:00,5085.340584572655
2026-02-21 06:00:00+00:00,5085.231675343387
2026-02-21 07:00:00+00:00,5085.673771701166
2026-02-21 08:00:00+00:00,5090.110690017906
2026-02-21 09:00:00+00:00,5093.978079766151
2026-02-21 10:00:00+00:00,5092.013857987713
2026-02-21 11:00:00+00:00,5091.575825007344
2026-02-21 12:00:00+00:00,5093.440993147343
2026-02-21 13:00:00+00:00,5095.306276254661
2026-02-21 14:00:00+00:00,5102.542711565911
2026-02-21 15:00:00+00:00,5105.39316907391
2026-02-21 16:00:00+00:00,5100.582309893856
2026-02-21 17:00:00+00:00,5111.124739750951
2026-02-21 18:00:00+00:00,5116.942802985066
2026-02-21 19:00:00+00:00,5114.115826494596
2026-02-21 20:00:00+00:00,5108.1560126464565
2026-02-21 21:00:00+00:00,5110.196582090894
2026-02-21 22:00:00+00:00,5110.362615277714
2026-02-21 23:00:00+00:00,5106.608164923144
2026-02-22 00:00:00+00:00,5105.279935749748
2026-02-22 01:00:00+00:00,5102.415898224344
2026-02-22 02:00:00+00:00,5099.135417228732
2026-02-22 03:00:00+00:00,5098.6806169773945
2026-02-22 04:00:00+00:00,5089.181806377157
2026-02-22 05:00:00+00:00,5093.258490282243
2026-02-22 06:00:00+00:00,5096.680819831255
2026-02-22 07:00:00+00:00,5096.911207946527
2026-02-22 08:00:00+00:00,5096.40446438452
2026-02-22 09:00:00+00:00,5089.150705946742
2026-02-22 10:00:00+00:00,5095.199953745751
2026-02-22 11:00:00+00:00,5098.446708732304
2026-02-22 12:00:00+00:00,5102.765976099101
2026-02-22 13:00:00+00:00,5118.51676718727
2026-02-22 14:00:00+00:00,5114.363021837428
2026-02-22 15:00:00+00:00,5114.436948851386
2026-02-22 16:00:00+00:00,5112.614088560205
2026-02-22 17:00:00+00:00,5111.339474755659
2026-02-22 18:00:00+00:00,5117.575165138468
2026-02-22 19:00:00+00:00,5115.660678168427
2026-02-22 20:00:00+00:00,5116.763537262339
2026-02-22 21:00:00+00:00,5125.451353106765
2026-02-22 22:00:00+00:00,5151.15148929392
2026-02-22 23:00:00+00:00,5125.0785187308875
2026-02-23 00:00:00+00:00,5150.235575209244
2026-02-23 01:00:00+00:00,5152.703322471608
2026-02-23 02:00:00+00:00,5150.733955190725
2026-02-23 03:00:00+00:00,5145.191007217217
2026-02-23 04:00:00+00:00,5140.391781940026
2026-02-23 05:00:00+00:00,5141.60538187307
2026-02-23 06:00:00+00:00,5134.778326933385
2026-02-23 07:00:00+00:00,5114.054519464123
2026-02-23 08:00:00+00:00,5121.063407673944
2026-02-23 09:00:00+00:00,5127.303720774392
2026-02-23 10:00:00+00:00,5133.287616330146
2026-02-23 11:00:00+00:00,5130.592178948756
2026-02-23 12:00:00+00:00,5136.2031755992375
2026-02-23 13:00:00+00:00,5131.91748882492
2026-02-23 14:00:00+00:00,5143.688033867519
2026-02-23 15:00:00+00:00,5177.101260481528
2026-02-23 16:00:00+00:00,5196.591611735378
2026-02-23 17:00:00+00:00,5188.358916007468
2026-02-23 18:00:00+00:00,5190.603353880375
2026-02-23 19:00:00+00:00,5189.522745332133
2026-02-23 20:00:00+00:00,5192.564055475915
2026-02-23 21:00:00+00:00,5213.374804254394
2026-02-23 22:00:00+00:00,5205.882096639161
2026-02-23 23:00:00+00:00,5213.160990094219
2026-02-24 00:00:00+00:00,5204.092567691271
2026-02-24 01:00:00+00:00,5190.709416876671
2026-02-24 02:00:00+00:00,5159.444332111467
2026-02-24 03:00:00+00:00,5166.36168874967
2026-02-24 04:00:00+00:00,5149.669214656696
2026-02-24 05:00:00+00:00,5146.181056211195
2026-02-24 06:00:00+00:00,5158.744854250748
2026-02-24 07:00:00+00:00,5150.347935221694
2026-02-24 08:00:00+00:00,5155.665423701721
2026-02-24 09:00:00+00:00,5153.019966216405
2026-02-24 10:00:00+00:00,5151.351501393579
2026-02-24 11:00:00+00:00,5150.6491923236945
2026-02-24 12:00:00+00:00,5150.1779793558935
2026-02-24 13:00:00+00:00,5137.342334254322
2026-02-24 14:00:00+00:00,5105.426239776363
2026-02-24 15:00:00+00:00,5108.559484298919
2026-02-24 16:00:00+00:00,5135.154494403746
2026-02-24 17:00:00+00:00,5129.673064851177
2026-02-24 18:00:00+00:00,5150.762528783326
2026-02-24 19:00:00+00:00,5143.342857261539
2026-02-24 20:00:00+00:00,5139.807957038609
2026-02-24 21:00:00+00:00,5148.685050690377
2026-02-24 22:00:00+00:00,5127.565126937104
2026-02-24 23:00:00+00:00,5117.943225032125
2026-02-25 00:00:00+00:00,5131.733896020696
2026-02-25 01:00:00+00:00,5135.816687320775
2026-02-25 02:00:00+00:00,5164.815639793599
2026-02-25 03:00:00+00:00,5168.382022630515
2026-02-25 04:00:00+00:00,5162.973391454221
2026-02-25 05:00:00+00:00,5166.843515573075
2026-02-25 06:00:00+00:00,5181.896514563882
2026-02-25 07:00:00+00:00,5174.2413049342995
2026-02-25 08:00:00+00:00,5168.852225607837
2026-02-25 09:00:00+00:00,5167.405717813993
2026-02-25 10:00:00+00:00,5174.554696783971
2026-02-25 11:00:00+00:00,5156.077779751252
2026-02-25 12:00:00+00:00,5164.536013701527
2026-02-25 13:00:00+00:00,5167.2006373364675
2026-02-25 14:00:00+00:00,5168.680413656874
2026-02-25 15:00:00+00:00,5175.229578762677
2026-02-25 16:00:00+00:00,5175.087002765397
2026-02-25 17:00:00+00:00,5189.779150677827
2026-02-25 18:00:00+00:00,5186.063603337548
2026-02-25 19:00:00+00:00,5179.007065169005
2026-02-25 20:00:00+00:00,5179.290586291755
2026-02-25 21:00:00+00:00,5133.568084685986
2026-02-25 22:00:00+00:00,5146.792707516597
2026-02-25 23:00:00+00:00,5145.094896991615
2026-02-26 00:00:00+00:00,5137.0323717429765
2026-02-26 01:00:00+00:00,5167.297589242758
2026-02-26 02:00:00+00:00,5166.478162149943
2026-02-26 03:00:00+00:00,5159.171824232778
2026-02-26 04:00:00+00:00,5166.040750915777
2026-02-26 05:00:00+00:00,5165.0020164047455
2026-02-26 06:00:00+00:00,5169.588146608172
2026-02-26 07:00:00+00:00,5164.186787741311
2026-02-26 08:00:00+00:00,5158.866307252794
2026-02-26 09:00:00+00:00,5155.033991838435
2026-02-26 10:00:00+00:00,5162.860992428304
2026-02-26 11:00:00+00:00,5149.829452432137
2026-02-26 12:00:00+00:00,5144.808657347848
2026-02-26 13:00:00+00:00,5162.250764902636
2026-02-26 14:00:00+00:00,5145.712170040764
2026-02-26 15:00:00+00:00,5144.847336010507
2026-02-26 16:00:00+00:00,5159.844326746456
2026-02-26 17:00:00+00:00,5161.167095156533
2026-02-26 18:00:00+00:00,5149.16488309965
2026-02-26 19:00:00+00:00,5159.497725528442
2026-02-26 20:00:00+00:00,5167.569145061665
2026-02-26 21:00:00+00:00,5175.775611100377
2026-02-26 22:00:00+00:00,5164.853874573983
2026-02-26 23:00:00+00:00,5161.733998444029
2026-02-27 00:00:00+00:00,5162.322101270663
2026-02-27 01:00:00+00:00,5155.551870936707
2026-02-27 02:00:00+00:00,5172.576251779728
2026-02-27 03:00:00+00:00,5165.527612595918
2026-02-27 04:00:00+00:00,5168.764104862268
2026-02-27 05:00:00+00:00,5166.357246115981
2026-02-27 06:00:00+00:00,5179.688139667787
2026-02-27 07:00:00+00:00,5169.531752248439
2026-02-27 08:00:00+00:00,5165.643371223127
2026-02-27 09:00:00+00:00,5164.965179170044
2026-02-27 10:00:00+00:00,5160.410516525853
2026-02-27 11:00:00+00:00,5161.964863149915
2026-02-27 12:00:00+00:00,5171.603972066873
2026-02-27 13:00:00+00:00,5178.658380464488
2026-02-27 14:00:00+00:00,5213.110911990455
2026-02-27 15:00:00+00:00,5208.41317629658
2026-02-27 16:00:00+00:00,5225.512191544974
2026-02-27 17:00:00+00:00,5216.916614631388
2026-02-27 18:00:00+00:00,5222.891016626167
2026-02-27 19:00:00+00:00,5234.310611121589
2026-02-27 20:00:00+00:00,5240.591401010088
2026-02-27 21:00:00+00:00,5249.560383733526
2026-02-27 22:00:00+00:00,5264.50217887856
2026-02-27 23:00:00+00:00,5266.849619099592
2026-02-28 00:00:00+00:00,5257.9310825471375
2026-02-28 01:00:00+00:00,5262.715268570668
2026-02-28 02:00:00+00:00,5270.585096883775
2026-02-28 03:00:00+00:00,5270.862450972072
2026-02-28 04:00:00+00:00,5274.449339853825
2026-02-28 05:00:00+00:00,5277.751422823764
2026-02-28 06:00:00+00:00,5283.39407796669
2026-02-28 07:00:00+00:00,5306.470075483746
2026-02-28 08:00:00+00:00,5319.804250936853
2026-02-28 09:00:00+00:00,5371.121358549633
2026-02-28 10:00:00+00:00,5442.877291303455
2026-02-28 11:00:00+00:00,5416.247774270013
2026-02-28 12:00:00+00:00,5396.21008750655
2026-02-28 13:00:00+00:00,5331.791706588339
2026-02-28 14:00:00+00:00,5303.918636438316
2026-02-28 15:00:00+00:00,5339.530778352689
2026-02-28 16:00:00+00:00,5331.530879991821
2026-02-28 17:00:00+00:00,5337.913535370477
2026-02-28 18:00:00+00:00,5338.587542886483
2026-02-28 19:00:00+00:00,5317.546775797969
2026-02-28 20:00:00+00:00,5321.487179503413
2026-02-28 21:00:00+00:00,5301.235594548133
2026-02-28 22:00:00+00:00,5311.59664723639
2026-02-28 23:00:00+00:00,5313.152000750542
2026-03-01 00:00:00+00:00,5307.451350454214
2026-03-01 01:00:00+00:00,5315.40269655134
2026-03-01 02:00:00+00:00,5291.634153224305
2026-03-01 03:00:00+00:00,5268.526409540424
2026-03-01 04:00:00+00:00,5275.664289616643
2026-03-01 05:00:00+00:00,5284.845905338522
2026-03-01 06:00:00+00:00,5291.603281903138
2026-03-01 07:00:00+00:00,5293.883953182301
2026-03-01 08:00:00+00:00,5295.231196456015
2026-03-01 09:00:00+00:00,5308.630894484586
2026-03-01 10:00:00+00:00,5323.366410513244
2026-03-01 11:00:00+00:00,5319.475622466923
2026-03-01 12:00:00+00:00,5331.726905023729
2026-03-01 13:00:00+00:00,5339.468420603522
2026-03-01 14:00:00+00:00,5324.673989451678
2026-03-01 15:00:00+00:00,5340.532471627745
2026-03-01 16:00:00+00:00,5336.263805129889
2026-03-01 17:00:00+00:00,5340.135352739249
2026-03-01 18:00:00+00:00,5341.41843584196
2026-03-01 19:00:00+00:00,5340.949141520111
2026-03-01 20:00:00+00:00,5342.064707052167
2026-03-01 21:00:00+00:00,5339.871614449515
2026-03-01 22:00:00+00:00,5345.2395705511
2026-03-01 23:00:00+00:00,5313.3508987990435
2026-03-02 00:00:00+00:00,5351.591389840149
2026-03-02 01:00:00+00:00,5309.307522103476
2026-03-02 02:00:00+00:00,5300.947250734773
2026-03-02 03:00:00+00:00,5319.314991305264
2026-03-02 04:00:00+00:00,5335.950397042341
2026-03-02 05:00:00+00:00,5321.310162737873
2026-03-02 06:00:00+00:00,5333.268053559688
2026-03-02 07:00:00+00:00,5356.580901981319
2026-03-02 08:00:00+00:00,5378.882774290354
2026-03-02 09:00:00+00:00,5366.272452274336
2026-03-02 10:00:00+00:00,5366.900302337484
2026-03-02 11:00:00+00:00,5369.0847231077605
2026-03-02 12:00:00+00:00,5358.136974605818
2026-03-02 13:00:00+00:00,5367.223334596662
2026-03-02 14:00:00+00:00,5362.7984356112665
2026-03-02 15:00:00+00:00,5302.474737627689
2026-03-02 16:00:00+00:00,5244.084854561937
2026-03-02 17:00:00+00:00,5262.1406990482565
2026-03-02 18:00:00+00:00,5275.3567443611155
2026-03-02 19:00:00+00:00,5291.0898621441
2026-03-02 20:00:00+00:00,5298.6139324060605
2026-03-02 21:00:00+00:00,5303.913649817374
2026-03-02 22:00:00+00:00,5290.442150156907
2026-03-02 23:00:00+00:00,5300.529032009628
2026-03-03 00:00:00+00:00,5306.799521523826
2026-03-03 01:00:00+00:00,5326.763181529703
2026-03-03 02:00:00+00:00,5305.998931433718
2026-03-03 03:00:00+00:00,5336.310026838455
2026-03-03 04:00:00+00:00,5324.78297268599
2026-03-03 05:00:00+00:00,5320.322200406379
2026-03-03 06:00:00+00:00,5285.071414257343
2026-03-03 07:00:00+00:00,5272.636627318209
2026-03-03 08:00:00+00:00,5296.799988202905
2026-03-03 09:00:00+00:00,5268.015210070721
2026-03-03 10:00:00+00:00,5240.615630953231
2026-03-03 11:00:00+00:00,5223.499946282868
2026-03-03 12:00:00+00:00,5130.541577169131
2026-03-03 13:00:00+00:00,5163.801590083786
2026-03-03 14:00:00+00:00,5125.307040349777
2026-03-03 15:00:00+00:00,5031.4397287749425
2026-03-03 16:00:00+00:00,5067.99686347962
2026-03-03 17:00:00+00:00,5064.934471444047
2026-03-03 18:00:00+00:00,5061.8141812686845
2026-03-03 19:00:00+00:00,5109.160879658527
2026-03-03 20:00:00+00:00,5093.918421212266
2026-03-03 21:00:00+00:00,5068.950200864001
2026-03-03 22:00:00+00:00,5065.141599444462
2026-03-03 23:00:00+00:00,5078.757770643313
2026-03-04 00:00:00+00:00,5091.89457912141
2026-03-04 01:00:00+00:00,5124.452045834729
2026-03-04 02:00:00+00:00,5145.676163768481
2026-03-04 03:00:00+00:00,5126.6109858512145
2026-03-04 04:00:00+00:00,5141.255766861711
2026-03-04 05:00:00+00:00,5126.354540683159
2026-03-04 06:00:00+00:00,5116.522355560652
2026-03-04 07:00:00+00:00,5128.172008132569
2026-03-04 08:00:00+00:00,5135.4723717074985
2026-03-04 09:00:00+00:00,5127.711570083748
2026-03-04 10:00:00+00:00,5145.672765752563
2026-03-04 11:00:00+00:00,5151.145726153225
2026-03-04 12:00:00+00:00,5159.235421007237
2026-03-04 13:00:00+00:00,5140.722996933774
2026-03-04 14:00:00+00:00,5139.2415537774095
2026-03-04 15:00:00+00:00,5123.429630567294
2026-03-04 16:00:00+00:00,5122.499820159135
2026-03-04 17:00:00+00:00,5113.630876693496
2026-03-04 18:00:00+00:00,5105.4621795062785
2026-03-04 19:00:00+00:00,5098.757342728891
2026-03-04 20:00:00+00:00,5102.616780373738
2026-03-04 21:00:00+00:00,5104.281648189871
2026-03-04 22:00:00+00:00,5109.949817899526
2026-03-04 23:00:00+00:00,5115.66017569188
2026-03-05 00:00:00+00:00,5127.232718604523
2026-03-05 01:00:00+00:00,5137.37499201831
2026-03-05 02:00:00+00:00,5138.087793965187
2026-03-05 03:00:00+00:00,5151.900601146835
2026-03-05 04:00:00+00:00,5141.6453650326675
2026-03-05 05:00:00+00:00,5132.380366472881
2026-03-05 06:00:00+00:00,5110.310990030563
2026-03-05 07:00:00+00:00,5132.232273706462
2026-03-05 08:00:00+00:00,5124.701258951097
2026-03-05 09:00:00+00:00,5132.646328308549
2026-03-05 10:00:00+00:00,5122.661289891175
2026-03-05 11:00:00+00:00,5135.1589761845535
2026-03-05 12:00:00+00:00,5133.541898174035
2026-03-05 13:00:00+00:00,5121.171080630974
2026-03-05 14:00:00+00:00,5088.241361638572
2026-03-05 15:00:00+00:00,5088.155072174573
2026-03-05 16:00:00+00:00,5075.570663659344
2026-03-05 17:00:00+00:00,5053.116919825374
2026-03-05 18:00:00+00:00,5034.756502950004
2026-03-05 19:00:00+00:00,5049.679309649608
2026-03-05 20:00:00+00:00,5045.66421511232
2026-03-05 21:00:00+00:00,5057.824996715646
2026-03-05 22:00:00+00:00,5060.515888060204
2026-03-05 23:00:00+00:00,5065.75631363643
2026-03-06 00:00:00+00:00,5056.601193645791
2026-03-06 01:00:00+00:00,5052.53259811078
2026-03-06 02:00:00+00:00,5105.108295130992
2026-03-06 03:00:00+00:00,5098.095077998025
2026-03-06 04:00:00+00:00,5102.629656733729
2026-03-06 05:00:00+00:00,5093.763546995747
2026-03-06 06:00:00+00:00,5080.815441494216
2026-03-06 07:00:00+00:00,5084.590564599917
2026-03-06 08:00:00+00:00,5088.507079941037
2026-03-06 09:00:00+00:00,5076.951306049004
2026-03-06 10:00:00+00:00,5054.979096448874
2026-03-06 11:00:00+00:00,5060.59546155584
2026-03-06 12:00:00+00:00,5054.684632447731
2026-03-06 13:00:00+00:00,5052.369038735898
2026-03-06 14:00:00+00:00,5069.440352336236
2026-03-06 15:00:00+00:00,5106.391531252746
2026-03-06 16:00:00+00:00,5115.806752829084
2026-03-06 17:00:00+00:00,5113.01015440581
2026-03-06 18:00:00+00:00,5116.768535575792
2026-03-06 19:00:00+00:00,5134.257534344605
2026-03-06 20:00:00+00:00,5129.984390091007
2026-03-06 21:00:00+00:00,5125.951354042718
2026-03-06 22:00:00+00:00,5146.87154701634
2026-03-06 23:00:00+00:00,5142.392742405997
2026-03-07 00:00:00+00:00,5139.989230501112
2026-03-07 01:00:00+00:00,5144.390791728154
2026-03-07 02:00:00+00:00,5140.675501707108
2026-03-07 03:00:00+00:00,5130.435696277472
2026-03-07 04:00:00+00:00,5137.1331503685715
2026-03-07 05:00:00+00:00,5138.670795948833
2026-03-07 06:00:00+00:00,5144.412068125858
2026-03-07 07:00:00+00:00,5143.675570761733
2026-03-07 08:00:00+00:00,5144.749850937542
2026-03-07 09:00:00+00:00,5141.157129188211
2026-03-07 10:00:00+00:00,5138.148436000055
2026-03-07 11:00:00+00:00,5144.473594958053
2026-03-07 12:00:00+00:00,5145.6427559610165
2026-03-07 13:00:00+00:00,5143.371893630515
2026-03-07 14:00:00+00:00,5145.404786954204
2026-03-07 15:00:00+00:00,5147.022906858096
2026-03-07 16:00:00+00:00,5146.598515786499
2026-03-07 17:00:00+00:00,5151.770080672724
2026-03-07 18:00:00+00:00,5151.529094365529
2026-03-07 19:00:00+00:00,5146.506664869321
2026-03-07 20:00:00+00:00,5140.089617367121
2026-03-07 21:00:00+00:00,5142.277712137678
2026-03-07 22:00:00+00:00,5145.961119175674
2026-03-07 23:00:00+00:00,5145.609489733902
2026-03-08 00:00:00+00:00,5143.867872493985
2026-03-08 01:00:00+00:00,5141.975274015379
2026-03-08 02:00:00+00:00,5146.220240113304
2026-03-08 03:00:00+00:00,5144.987938566894
2026-03-08 04:00:00+00:00,5144.766821214319
2026-03-08 05:00:00+00:00,5144.691022952956
2026-03-08 06:00:00+00:00,5144.540093014769
2026-03-08 07:00:00+00:00,5144.490025215633
2026-03-08 08:00:00+00:00,5143.485835734421
2026-03-08 09:00:00+00:00,5144.506010543913
2026-03-08 10:00:00+00:00,5137.675394515439
2026-03-08 11:00:00+00:00,5137.228211691455
2026-03-08 12:00:00+00:00,5137.493140948763
2026-03-08 13:00:00+00:00,5138.373274522831
2026-03-08 14:00:00+00:00,5140.336598261748
2026-03-08 15:00:00+00:00,5139.743280178721
2026-03-08 16:00:00+00:00,5137.053245285593
2026-03-08 17:00:00+00:00,5128.093060134715
2026-03-08 18:00:00+00:00,5124.750052938224
2026-03-08 19:00:00+00:00,5118.956066428528
2026-03-08 20:00:00+00:00,5133.550350298023
2026-03-08 21:00:00+00:00,5134.899310321295
2026-03-08 22:00:00+00:00,5140.1596769289035
2026-03-08 23:00:00+00:00,5094.772205801184
2026-03-09 00:00:00+00:00,5039.733272496674
2026-03-09 01:00:00+00:00,4999.9982251933025
2026-03-09 02:00:00+00:00,5034.782006618032
2026-03-09 03:00:00+00:00,5058.032611893395
2026-03-09 04:00:00+00:00,5056.589743158389
2026-03-09 05:00:00+00:00,5050.508459479852
2026-03-09 06:00:00+00:00,5095.138054437253
2026-03-09 07:00:00+00:00,5066.557014757546
2026-03-09 08:00:00+00:00,5072.5753652058565
2026-03-09 09:00:00+00:00,5066.7356282829305
2026-03-09 10:00:00+00:00,5076.701279799836
2026-03-09 11:00:00+00:00,5064.270836388553
2026-03-09 12:00:00+00:00,5063.424258538593
2026-03-09 13:00:00+00:00,5062.555081696718
2026-03-09 14:00:00+00:00,5048.803333100867
2026-03-09 15:00:00+00:00,5060.705381178782
2026-03-09 16:00:00+00:00,5067.684573175823
2026-03-09 17:00:00+00:00,5072.840239434404
2026-03-09 18:00:00+00:00,5066.052851668337
2026-03-09 19:00:00+00:00,5092.883990516082
2026-03-09 20:00:00+00:00,5109.864951902376
2026-03-09 21:00:00+00:00,5102.171120399169
2026-03-09 22:00:00+00:00,5103.150826892177
2026-03-09 23:00:00+00:00,5111.920212872811
2026-03-10 00:00:00+00:00,5101.863234750126
2026-03-10 01:00:00+00:00,5102.330772688122
2026-03-10 02:00:00+00:00,5142.969022653525
2026-03-10 03:00:00+00:00,5133.691270138989
2026-03-10 04:00:00+00:00,5121.524116941902
2026-03-10 05:00:00+00:00,5130.93976613431
2026-03-10 06:00:00+00:00,5140.708592027075
2026-03-10 07:00:00+00:00,5136.349327189897
2026-03-10 08:00:00+00:00,5143.551018508395
2026-03-10 09:00:00+00:00,5143.732913594264
2026-03-10 10:00:00+00:00,5139.321371036944
2026-03-10 11:00:00+00:00,5141.639536999281
2026-03-10 12:00:00+00:00,5138.7208568506085
2026-03-10 13:00:00+00:00,5158.6720538615855
2026-03-10 14:00:00+00:00,5168.287619011001
2026-03-10 15:00:00+00:00,5175.971539164875
2026-03-10 16:00:00+00:00,5189.616564217458
2026-03-10 17:00:00+00:00,5188.105870350132
2026-03-10 18:00:00+00:00,5184.4571800563735
2026-03-10 19:00:00+00:00,5151.823483433443
2026-03-10 20:00:00+00:00,5154.06373617266
2026-03-10 21:00:00+00:00,5152.279263024571
2026-03-10 22:00:00+00:00,5151.619113686156
2026-03-10 23:00:00+00:00,5153.213137605527
2026-03-11 00:00:00+00:00,5157.700650808723
2026-03-11 01:00:00+00:00,5177.2526484302725
2026-03-11 02:00:00+00:00,5166.179699500635
2026-03-11 03:00:00+00:00,5177.3131677494575
2026-03-11 04:00:00+00:00,5162.740745044577
2026-03-11 05:00:00+00:00,5166.164382844983
2026-03-11 06:00:00+00:00,5157.501467087171
2026-03-11 07:00:00+00:00,5157.988297193203
2026-03-11 08:00:00+00:00,5149.897719912631
2026-03-11 09:00:00+00:00,5145.430511043923
2026-03-11 10:00:00+00:00,5146.286875684451
2026-03-11 11:00:00+00:00,5147.306278835428
2026-03-11 12:00:00+00:00,5141.365408219247
2026-03-11 13:00:00+00:00,5128.320727180797
2026-03-11 14:00:00+00:00,5143.985326681825
2026-03-11 15:00:00+00:00,5143.494458993122
2026-03-11 16:00:00+00:00,5128.602355735626
2026-03-11 17:00:00+00:00,5135.789218962524
2026-03-11 18:00:00+00:00,5128.952679996885
2026-03-11 19:00:00+00:00,5130.608024874181
2026-03-11 20:00:00+00:00,5141.0774568545
2026-03-11 21:00:00+00:00,5134.682554608251
2026-03-11 22:00:00+00:00,5136.990483960888
2026-03-11 23:00:00+00:00,5106.41512949269
2026-03-12 00:00:00+00:00,5093.093452944832
2026-03-12 01:00:00+00:00,5122.960490648437
2026-03-12 02:00:00+00:00,5125.87923004526
2026-03-12 03:00:00+00:00,5111.652090396928
2026-03-12 04:00:00+00:00,5112.766898919623
2026-03-12 05:00:00+00:00,5107.231375267103
2026-03-12 06:00:00+00:00,5118.584929265545
2026-03-12 07:00:00+00:00,5128.413814420343
2026-03-12 08:00:00+00:00,5146.772880003144
2026-03-12 09:00:00+00:00,5140.123076700971
2026-03-12 10:00:00+00:00,5149.817026012336
2026-03-12 11:00:00+00:00,5141.430535068861
2026-03-12 12:00:00+00:00,5136.912522300309
2026-03-12 13:00:00+00:00,5143.578906934653
2026-03-12 14:00:00+00:00,5119.6422010934
2026-03-12 15:00:00+00:00,5102.67594643483
2026-03-12 16:00:00+00:00,5099.09389911974
2026-03-12 17:00:00+00:00,5094.1974453468165
2026-03-12 18:00:00+00:00,5079.790177901432
2026-03-12 19:00:00+00:00,5065.4876718635915
2026-03-12 20:00:00+00:00,5063.243115783864
2026-03-12 21:00:00+00:00,5058.5226988238655
2026-03-12 22:00:00+00:00,5058.961726765226
2026-03-12 23:00:00+00:00,5072.743743297741
2026-03-13 00:00:00+00:00,5082.540890000062
2026-03-13 01:00:00+00:00,5091.745424803721
2026-03-13 02:00:00+00:00,5095.934690302079
2026-03-13 03:00:00+00:00,5081.181707084989
2026-03-13 04:00:00+00:00,5085.377800469123
2026-03-13 05:00:00+00:00,5072.964678922437
2026-03-13 06:00:00+00:00,5072.079346657406
2026-03-13 07:00:00+00:00,5055.08997145994
2026-03-13 08:00:00+00:00,5047.4942726057825
2026-03-13 09:00:00+00:00,5056.448690060662
2026-03-13 10:00:00+00:00,5054.1822369459105
2026-03-13 11:00:00+00:00,5061.450908156253
2026-03-13 12:00:00+00:00,5076.232001452884
2026-03-13 13:00:00+00:00,5081.069023914226
2026-03-13 14:00:00+00:00,5062.675232720405
2026-03-13 15:00:00+00:00,5011.544661633924
2026-03-13 16:00:00+00:00,5003.685734732719
2026-03-13 17:00:00+00:00,5017.125780363064
2026-03-13 18:00:00+00:00,5015.2069974867945
2026-03-13 19:00:00+00:00,5017.045696644109
2026-03-13 20:00:00+00:00,4992.689761887548
2026-03-13 21:00:00+00:00,4991.284081969718
2026-03-13 22:00:00+00:00,4992.895082469589
2026-03-13 23:00:00+00:00,4997.472209973664
2026-03-14 00:00:00+00:00,4999.071368016881
2026-03-14 01:00:00+00:00,5006.898812408848
2026-03-14 02:00:00+00:00,5002.805500932699
2026-03-14 03:00:00+00:00,5002.486554351922
2026-03-14 04:00:00+00:00,5003.551726637788
2026-03-14 05:00:00+00:00,5004.65572534653
2026-03-14 06:00:00+00:00,5002.74502327305
2026-03-14 07:00:00+00:00,4995.179344223801
2026-03-14 08:00:00+00:00,4995.213724162726
2026-03-14 09:00:00+00:00,5000.422506087747
2026-03-14 10:00:00+00:00,4996.253273119689
2026-03-14 11:00:00+00:00,4996.961712787169
2026-03-14 12:00:00+00:00,4998.44174377778
2026-03-14 13:00:00+00:00,4994.7867022812325
2026-03-14 14:00:00+00:00,4993.8504533627565
2026-03-14 15:00:00+00:00,4995.778829013824
2026-03-14 16:00:00+00:00,4994.599901294046
2026-03-14 17:00:00+00:00,4992.499034835991
2026-03-14 18:00:00+00:00,4994.1546522419785
2026-03-14 19:00:00+00:00,4993.190775296186
2026-03-14 20:00:00+00:00,4992.140620557726
2026-03-14 21:00:00+00:00,4990.864954848468
2026-03-14 22:00:00+00:00,4990.879043470393
2026-03-14 23:00:00+00:00,4990.437879457689
2026-03-15 00:00:00+00:00,4991.246860679184
2026-03-15 01:00:00+00:00,4988.93995951944
2026-03-15 02:00:00+00:00,4989.835314029456
2026-03-15 03:00:00+00:00,4991.129953365857
2026-03-15 04:00:00+00:00,4990.627626702096
2026-03-15 05:00:00+00:00,4990.263137671177
2026-03-15 06:00:00+00:00,4988.494384615624
2026-03-15 07:00:00+00:00,4984.670473842604
2026-03-15 08:00:00+00:00,4986.570729372485
2026-03-15 09:00:00+00:00,4988.823122181649
2026-03-15 10:00:00+00:00,4977.50738198269
2026-03-15 11:00:00+00:00,4980.698527057401
2026-03-15 12:00:00+00:00,4982.6238640099
2026-03-15 13:00:00+00:00,4979.018165673167
2026-03-15 14:00:00+00:00,4974.462581786604
2026-03-15 15:00:00+00:00,4976.4976802066585
2026-03-15 16:00:00+00:00,4971.536605319314
2026-03-15 17:00:00+00:00,4961.804807025404
2026-03-15 18:00:00+00:00,4963.938137335313
2026-03-15 19:00:00+00:00,4962.240018442605
2026-03-15 20:00:00+00:00,4960.918090924644
2026-03-15 21:00:00+00:00,4966.73480565627
2026-03-15 22:00:00+00:00,4979.026874874544
2026-03-15 23:00:00+00:00,4992.722256392074
2026-03-16 00:00:00+00:00,4982.208618719899
2026-03-16 01:00:00+00:00,4990.801330893687
2026-03-16 02:00:00+00:00,4983.304338729891
2026-03-16 03:00:00+00:00,4971.007451736697
2026-03-16 04:00:00+00:00,4985.929009734675
2026-03-16 05:00:00+00:00,4978.211147746018
2026-03-16 06:00:00+00:00,4980.281561896813
2026-03-16 07:00:00+00:00,4976.676637772761
2026-03-16 08:00:00+00:00,4963.198105213326
2026-03-16 09:00:00+00:00,4951.618588544671
2026-03-16 10:00:00+00:00,4936.800479972148
2026-03-16 11:00:00+00:00,4961.605242087224
2026-03-16 12:00:00+00:00,4961.223747718429
2026-03-16 13:00:00+00:00,4980.3373844051475
2026-03-16 14:00:00+00:00,4993.530718424305
2026-03-16 15:00:00+00:00,4958.97434108995
2026-03-16 16:00:00+00:00,4951.864317421889
2026-03-16 17:00:00+00:00,4958.232728302232
2026-03-16 18:00:00+00:00,4957.678897403585
2026-03-16 19:00:00+00:00,4977.794804737348
2026-03-16 20:00:00+00:00,4971.870570035743
2026-03-16 21:00:00+00:00,4968.945611441309
2026-03-16 22:00:00+00:00,4969.506298094942
2026-03-16 23:00:00+00:00,4963.29118397321
2026-03-17 00:00:00+00:00,4971.856939682807
2026-03-17 01:00:00+00:00,4962.280193295112
2026-03-17 02:00:00+00:00,4981.88340388524
2026-03-17 03:00:00+00:00,4978.248114289102
2026-03-17 04:00:00+00:00,4982.131394512093
2026-03-17 05:00:00+00:00,4993.8119710670435
2026-03-17 06:00:00+00:00,4976.5369759707555
2026-03-17 07:00:00+00:00,4970.818821516236
2026-03-17 08:00:00+00:00,4983.212994491344
2026-03-17 09:00:00+00:00,4982.512748544243
2026-03-17 10:00:00+00:00,4973.214664432683
2026-03-17 11:00:00+00:00,4962.532113204653
2026-03-17 12:00:00+00:00,4964.706055683534
2026-03-17 13:00:00+00:00,4975.02898984787
2026-03-17 14:00:00+00:00,4978.18055831168
2026-03-17 15:00:00+00:00,4975.436172992395
2026-03-17 16:00:00+00:00,4961.816005029601
2026-03-17 17:00:00+00:00,4969.083440868074
2026-03-17 18:00:00+00:00,4967.678310590189
2026-03-17 19:00:00+00:00,4963.645011558461
2026-03-17 20:00:00+00:00,4968.133461878687
2026-03-17 21:00:00+00:00,4971.8972629953405
2026-03-17 22:00:00+00:00,4969.9833500577415
2026-03-17 23:00:00+00:00,4967.61829276993
2026-03-18 00:00:00+00:00,4968.313837370362
2026-03-18 01:00:00+00:00,4967.1663999736775
2026-03-18 02:00:00+00:00,4967.802210570111
2026-03-18 03:00:00+00:00,4960.178535740913
2026-03-18 04:00:00+00:00,4959.378063782512
2026-03-18 05:00:00+00:00,4955.404143714957
2026-03-18 06:00:00+00:00,4966.867721218311
2026-03-18 07:00:00+00:00,4977.311608543635
2026-03-18 08:00:00+00:00,4961.251630781848
2026-03-18 09:00:00+00:00,4956.45916391739
2026-03-18 10:00:00+00:00,4958.1009882747385
2026-03-18 11:00:00+00:00,4936.125521435899
2026-03-18 12:00:00+00:00,4898.608775763021
2026-03-18 13:00:00+00:00,4835.876428881543
2026-03-18 14:00:00+00:00,4854.863620639583
2026-03-18 15:00:00+00:00,4845.692604439738
2026-03-18 16:00:00+00:00,4842.999643455444
2026-03-18 17:00:00+00:00,4865.540621154547
2026-03-18 18:00:00+00:00,4872.665063151684
2026-03-18 19:00:00+00:00,4832.039868626692
2026-03-18 20:00:00+00:00,4825.047279351495
2026-03-18 21:00:00+00:00,4802.598985700114
2026-03-18 22:00:00+00:00,4809.44978529768
2026-03-18 23:00:00+00:00,4811.653852018554
2026-03-19 00:00:00+00:00,4823.53117100574
2026-03-19 01:00:00+00:00,4827.4277293496325
2026-03-19 02:00:00+00:00,4828.31465093946
2026-03-19 03:00:00+00:00,4838.137250295617
2026-03-19 04:00:00+00:00,4828.139184877707
2026-03-19 05:00:00+00:00,4827.46701600333
2026-03-19 06:00:00+00:00,4814.473230709625
2026-03-19 07:00:00+00:00,4751.068489069101
2026-03-19 08:00:00+00:00,4714.184169331448
2026-03-19 09:00:00+00:00,4703.119343128216
2026-03-19 10:00:00+00:00,4694.777193878029
2026-03-19 11:00:00+00:00,4684.291977279503
2026-03-19 12:00:00+00:00,4644.82103658171
2026-03-19 13:00:00+00:00,4542.97208640676
2026-03-19 14:00:00+00:00,4640.908267236015
2026-03-19 15:00:00+00:00,4603.974591729447
2026-03-19 16:00:00+00:00,4610.311877887038
2026-03-19 17:00:00+00:00,4592.1577241522145
2026-03-19 18:00:00+00:00,4620.213089977112
2026-03-19 19:00:00+00:00,4648.107577999013
2026-03-19 20:00:00+00:00,4653.501787624293
2026-03-19 21:00:00+00:00,4660.74004834501
2026-03-19 22:00:00+00:00,4661.585839388686
2026-03-19 23:00:00+00:00,4645.877904525982
2026-03-20 00:00:00+00:00,4650.880048235748
2026-03-20 01:00:00+00:00,4658.44217907583
2026-03-20 02:00:00+00:00,4679.145828633358
2026-03-20 03:00:00+00:00,4696.648970811449
2026-03-20 04:00:00+00:00,4719.853193157237
2026-03-20 05:00:00+00:00,4709.5554619975655
2026-03-20 06:00:00+00:00,4682.8306537051985
2026-03-20 07:00:00+00:00,4666.927404787867
2026-03-20 08:00:00+00:00,4695.976132582305
2026-03-20 09:00:00+00:00,4684.390070332505
2026-03-20 10:00:00+00:00,4652.553311612078
2026-03-20 11:00:00+00:00,4638.70617511866
2026-03-20 12:00:00+00:00,4670.410230992735
2026-03-20 13:00:00+00:00,4670.824402433602
2026-03-20 14:00:00+00:00,4609.156414285852
2026-03-20 15:00:00+00:00,4571.059679731674
2026-03-20 16:00:00+00:00,4565.454896500555
2026-03-20 17:00:00+00:00,4590.172945385339
2026-03-20 18:00:00+00:00,4581.541386091036
2026-03-20 19:00:00+00:00,4514.433474826509
2026-03-20 20:00:00+00:00,4506.382530900423
2026-03-20 21:00:00+00:00,4492.816229632732
2026-03-20 22:00:00+00:00,4504.70177687319
2026-03-20 23:00:00+00:00,4499.71796119474
2026-03-21 00:00:00+00:00,4498.87904850733
2026-03-21 01:00:00+00:00,4504.084150812124
2026-03-21 02:00:00+00:00,4505.800382404943
2026-03-21 03:00:00+00:00,4500.683978082352
2026-03-21 04:00:00+00:00,4500.052566350234
2026-03-21 05:00:00+00:00,4497.935088641262
2026-03-21 06:00:00+00:00,4499.570065413437
2026-03-21 07:00:00+00:00,4497.536057909053
2026-03-21 08:00:00+00:00,4490.836682395433
2026-03-21 09:00:00+00:00,4492.799304803559
2026-03-21 10:00:00+00:00,4493.3431678785655
2026-03-21 11:00:00+00:00,4493.893106575555
2026-03-21 12:00:00+00:00,4493.210340836344
2026-03-21 13:00:00+00:00,4493.740539313194
2026-03-21 14:00:00+00:00,4492.406035542328
2026-03-21 15:00:00+00:00,4492.195905468382
2026-03-21 16:00:00+00:00,4491.8985733768095
2026-03-21 17:00:00+00:00,4494.028537228183
2026-03-21 18:00:00+00:00,4494.104784444958
2026-03-21 19:00:00+00:00,4495.411212619659
2026-03-21 20:00:00+00:00,4495.469090216025
2026-03-21 21:00:00+00:00,4494.953135656114
2026-03-21 22:00:00+00:00,4495.137661460834
2026-03-21 23:00:00+00:00,4495.288028935617
2026-03-22 00:00:00+00:00,4486.800158006301
2026-03-22 01:00:00+00:00,4490.551183528825
2026-03-22 02:00:00+00:00,4488.287565919147
2026-03-22 03:00:00+00:00,4491.147493256794
2026-03-22 04:00:00+00:00,4496.19645722769
2026-03-22 05:00:00+00:00,4493.530066821924
2026-03-22 06:00:00+00:00,4493.477358350261
2026-03-22 07:00:00+00:00,4492.943413330119
2026-03-22 08:00:00+00:00,4490.977002532866
2026-03-22 09:00:00+00:00,4494.817352327844
2026-03-22 10:00:00+00:00,4491.368360870861
2026-03-22 11:00:00+00:00,4483.552554185297
2026-03-22 12:00:00+00:00,4474.113931172227
2026-03-22 13:00:00+00:00,4481.194653998313
2026-03-22 14:00:00+00:00,4480.067313636556
2026-03-22 15:00:00+00:00,4475.397887554136
2026-03-22 16:00:00+00:00,4478.019265078265
2026-03-22 17:00:00+00:00,4482.18399120692
2026-03-22 18:00:00+00:00,4490.055185378603
2026-03-22 19:00:00+00:00,4491.634066861019
2026-03-22 20:00:00+00:00,4484.729351235372
2026-03-22 21:00:00+00:00,4483.056478819839
2026-03-22 22:00:00+00:00,4476.532212793156
2026-03-22 23:00:00+00:00,4499.395345550197
2026-03-23 00:00:00+00:00,4467.4956618569895
2026-03-23 01:00:00+00:00,4364.620119158206
2026-03-23 02:00:00+00:00,4405.079488488312
2026-03-23 03:00:00+00:00,4376.286426348475
2026-03-23 04:00:00+00:00,4371.1361799074175
2026-03-23 05:00:00+00:00,4380.71067700627
2026-03-23 06:00:00+00:00,4318.434624261592
2026-03-23 07:00:00+00:00,4232.38627770189
2026-03-23 08:00:00+00:00,4252.947430245374
2026-03-23 09:00:00+00:00,4272.3543773516485
2026-03-23 10:00:00+00:00,4260.199255303446
2026-03-23 11:00:00+00:00,4290.615890401937
2026-03-23 12:00:00+00:00,4358.89280593517
2026-03-23 13:00:00+00:00,4445.309091880235
2026-03-23 14:00:00+00:00,4457.672145071402
2026-03-23 15:00:00+00:00,4459.22081574575
2026-03-23 16:00:00+00:00,4363.853006291149
2026-03-23 17:00:00+00:00,4379.113271824557
2026-03-23 18:00:00+00:00,4420.2453008494585
2026-03-23 19:00:00+00:00,4441.266367610286
2026-03-23 20:00:00+00:00,4386.361588820166
2026-03-23 21:00:00+00:00,4408.1802548483565
2026-03-23 22:00:00+00:00,4418.400116699364
2026-03-23 23:00:00+00:00,4424.401082155444
2026-03-24 00:00:00+00:00,4430.4736000713765
2026-03-24 01:00:00+00:00,4367.0616418346
2026-03-24 02:00:00+00:00,4322.937870588253
2026-03-24 03:00:00+00:00,4355.286680407219
2026-03-24 04:00:00+00:00,4353.415683901561
2026-03-24 05:00:00+00:00,4336.804595994917
2026-03-24 06:00:00+00:00,4356.57663803323
2026-03-24 07:00:00+00:00,4407.287288122516
2026-03-24 08:00:00+00:00,4406.900459755919
2026-03-24 09:00:00+00:00,4409.462671089777
2026-03-24 10:00:00+00:00,4421.439532468902
2026-03-24 11:00:00+00:00,4406.285193673761
2026-03-24 12:00:00+00:00,4410.434548506069
2026-03-24 13:00:00+00:00,4378.177039388629
2026-03-24 14:00:00+00:00,4388.58738886467
2026-03-24 15:00:00+00:00,4411.981627935262
2026-03-24 16:00:00+00:00,4411.728752464156
2026-03-24 17:00:00+00:00,4423.639200576012
2026-03-24 18:00:00+00:00,4388.1218325244145
2026-03-24 19:00:00+00:00,4395.620283412439
2026-03-24 20:00:00+00:00,4402.437397106807
2026-03-24 21:00:00+00:00,4475.698827311057
2026-03-24 22:00:00+00:00,4473.912893127835
2026-03-24 23:00:00+00:00,4476.199387827106
2026-03-25 00:00:00+00:00,4533.896481687576
2026-03-25 01:00:00+00:00,4553.044979741522
2026-03-25 02:00:00+00:00,4578.018119011386
2026-03-25 03:00:00+00:00,4566.929181889068
2026-03-25 04:00:00+00:00,4550.7750797395565
2026-03-25 05:00:00+00:00,4556.826061495732
2026-03-25 06:00:00+00:00,4539.017767780068
2026-03-25 07:00:00+00:00,4540.04450424492
2026-03-25 08:00:00+00:00,4535.290848461533
2026-03-25 09:00:00+00:00,4553.172267742044
2026-03-25 10:00:00+00:00,4550.857607034838
2026-03-25 11:00:00+00:00,4552.080510122013
2026-03-25 12:00:00+00:00,4570.101587795133
2026-03-25 13:00:00+00:00,4540.001753980016
2026-03-25 14:00:00+00:00,4533.671497818896
2026-03-25 15:00:00+00:00,4559.212329567446
2026-03-25 16:00:00+00:00,4557.018082878163
2026-03-25 17:00:00+00:00,4549.250533279977
2026-03-25 18:00:00+00:00,4550.417075408358
2026-03-25 19:00:00+00:00,4528.984286549235
2026-03-25 20:00:00+00:00,4532.814399724832
2026-03-25 21:00:00+00:00,4501.594429884726
2026-03-25 22:00:00+00:00,4510.021157447368
2026-03-25 23:00:00+00:00,4510.165859623619
2026-03-26 00:00:00+00:00,4502.144664887857
2026-03-26 01:00:00+00:00,4527.649553329979
2026-03-26 02:00:00+00:00,4525.394412869676
2026-03-26 03:00:00+00:00,4498.967311540738
2026-03-26 04:00:00+00:00,4508.9501190680885
2026-03-26 05:00:00+00:00,4513.11167549031
2026-03-26 06:00:00+00:00,4431.457695128632
2026-03-26 07:00:00+00:00,4450.365552653626
2026-03-26 08:00:00+00:00,4452.99820186648
2026-03-26 09:00:00+00:00,4426.984676705801
2026-03-26 10:00:00+00:00,4418.652536931339
2026-03-26 11:00:00+00:00,4438.599657765422
2026-03-26 12:00:00+00:00,4422.641185438207
2026-03-26 13:00:00+00:00,4427.216486941348
2026-03-26 14:00:00+00:00,4448.5546354536245
2026-03-26 15:00:00+00:00,4460.816647578041
2026-03-26 16:00:00+00:00,4432.187621637401
2026-03-26 17:00:00+00:00,4393.2633255388955
2026-03-26 18:00:00+00:00,4386.345501398211
2026-03-26 19:00:00+00:00,4398.353508404873
2026-03-26 20:00:00+00:00,4363.916971871652
2026-03-26 21:00:00+00:00,4381.437963746386
2026-03-26 22:00:00+00:00,4386.164376024976
2026-03-26 23:00:00+00:00,4407.3755000344545
2026-03-27 00:00:00+00:00,4406.344672900292
2026-03-27 01:00:00+00:00,4381.123854559843
2026-03-27 02:00:00+00:00,4424.663515239649
2026-03-27 03:00:00+00:00,4430.3717304426245
2026-03-27 04:00:00+00:00,4433.419200346778
2026-03-27 05:00:00+00:00,4441.050488552889
2026-03-27 06:00:00+00:00,4453.124745957909
2026-03-27 07:00:00+00:00,4453.192509228062
2026-03-27 08:00:00+00:00,4442.037015921078
2026-03-27 09:00:00+00:00,4424.597108749465
2026-03-27 10:00:00+00:00,4422.930352570398
2026-03-27 11:00:00+00:00,4405.664693279959
2026-03-27 12:00:00+00:00,4413.514637229722
2026-03-27 13:00:00+00:00,4433.143842965187
2026-03-27 14:00:00+00:00,4429.154485934413
2026-03-27 15:00:00+00:00,4499.5069449382645
2026-03-27 16:00:00+00:00,4510.744026074773
2026-03-27 17:00:00+00:00,4501.202167299039
2026-03-27 18:00:00+00:00,4482.681423755998
2026-03-27 19:00:00+00:00,4511.695211705977
2026-03-27 20:00:00+00:00,4512.455774957896
2026-03-27 21:00:00+00:00,4486.484227819342
2026-03-27 22:00:00+00:00,4490.821194196417
2026-03-27 23:00:00+00:00,4490.721655141248
2026-03-28 00:00:00+00:00,4491.7785870407915
2026-03-28 01:00:00+00:00,4492.334793831358
2026-03-28 02:00:00+00:00,4484.106808761104
2026-03-28 03:00:00+00:00,4484.364427222778
2026-03-28 04:00:00+00:00,4486.502651047079
2026-03-28 05:00:00+00:00,4484.919146886722
2026-03-28 06:00:00+00:00,4493.891201379777
2026-03-28 07:00:00+00:00,4494.035728167304
2026-03-28 08:00:00+00:00,4493.395039159884
2026-03-28 09:00:00+00:00,4492.3795355627535
2026-03-28 10:00:00+00:00,4492.210652547455
2026-03-28 11:00:00+00:00,4490.229869932208
2026-03-28 12:00:00+00:00,4491.62391663102
2026-03-28 13:00:00+00:00,4493.46626392501
2026-03-28 14:00:00+00:00,4494.004013710948
2026-03-28 15:00:00+00:00,4493.006170143227
2026-03-28 16:00:00+00:00,4489.291079296177
2026-03-28 17:00:00+00:00,4489.682255894805
2026-03-28 18:00:00+00:00,4489.471907310963
2026-03-28 19:00:00+00:00,4489.166149472419
2026-03-28 20:00:00+00:00,4490.707468455753
2026-03-28 21:00:00+00:00,4489.471912965714
2026-03-28 22:00:00+00:00,4486.137472516759
2026-03-28 23:00:00+00:00,4486.198035744793
2026-03-29 00:00:00+00:00,4487.437643012913
2026-03-29 01:00:00+00:00,4483.683682298179
2026-03-29 02:00:00+00:00,4483.686343412123
2026-03-29 03:00:00+00:00,4487.541376388447
2026-03-29 04:00:00+00:00,4487.20996542419
2026-03-29 05:00:00+00:00,4486.228783599308
2026-03-29 06:00:00+00:00,4486.51270052441
2026-03-29 07:00:00+00:00,4484.597945806966
2026-03-29 08:00:00+00:00,4485.820233450065
2026-03-29 09:00:00+00:00,4485.1740186464285
2026-03-29 10:00:00+00:00,4483.319342209116
2026-03-29 11:00:00+00:00,4486.136782178966
2026-03-29 12:00:00+00:00,4488.052384571665
2026-03-29 13:00:00+00:00,4500.995266026878
2026-03-29 14:00:00+00:00,4494.061363183516
2026-03-29 15:00:00+00:00,4495.073063815932
2026-03-29 16:00:00+00:00,4494.944034509681
2026-03-29 17:00:00+00:00,4494.994355071284
2026-03-29 18:00:00+00:00,4494.921628980755
2026-03-29 19:00:00+00:00,4500.809387633455
2026-03-29 20:00:00+00:00,4498.005940997416
2026-03-29 21:00:00+00:00,4495.290700106877
2026-03-29 22:00:00+00:00,4478.129705174402
2026-03-29 23:00:00+00:00,4486.979416750348
2026-03-30 00:00:00+00:00,4435.6436390540175
2026-03-30 01:00:00+00:00,4442.400655557807
2026-03-30 02:00:00+00:00,4469.297144119354
2026-03-30 03:00:00+00:00,4485.213687603843
2026-03-30 04:00:00+00:00,4493.00372186804
2026-03-30 05:00:00+00:00,4496.053991685423
2026-03-30 06:00:00+00:00,4516.848028960188
2026-03-30 07:00:00+00:00,4524.630973693196
2026-03-30 08:00:00+00:00,4521.599087415253
2026-03-30 09:00:00+00:00,4533.790696068353
2026-03-30 10:00:00+00:00,4526.447988687975
2026-03-30 11:00:00+00:00,4524.574474696477
2026-03-30 12:00:00+00:00,4544.63320393826
2026-03-30 13:00:00+00:00,4565.527126434815
2026-03-30 14:00:00+00:00,4520.921031597826
2026-03-30 15:00:00+00:00,4530.675634438615
2026-03-30 16:00:00+00:00,4533.052082996297
2026-03-30 17:00:00+00:00,4527.993280895656
2026-03-30 18:00:00+00:00,4508.489782700708
2026-03-30 19:00:00+00:00,4490.879156850437
2026-03-30 20:00:00+00:00,4505.633487779875
2026-03-30 21:00:00+00:00,4498.653701145546
2026-03-30 22:00:00+00:00,4505.87185882718
2026-03-30 23:00:00+00:00,4494.839315187342
2026-03-31 00:00:00+00:00,4504.872056911924
2026-03-31 01:00:00+00:00,4537.018413019957
2026-03-31 02:00:00+00:00,4580.426092945228
2026-03-31 03:00:00+00:00,4556.49541923271
2026-03-31 04:00:00+00:00,4544.444143125357
2026-03-31 05:00:00+00:00,4551.236713083366
2026-03-31 06:00:00+00:00,4550.5010142369665
2026-03-31 07:00:00+00:00,4548.598974460839
2026-03-31 08:00:00+00:00,4550.85599882434
2026-03-31 09:00:00+00:00,4555.065053110663
2026-03-31 10:00:00+00:00,4545.035125951994
2026-03-31 11:00:00+00:00,4535.866092470282
2026-03-31 12:00:00+00:00,4570.657224098521
2026-03-31 13:00:00+00:00,4558.428250729343
2026-03-31 14:00:00+00:00,4597.459544613125
2026-03-31 15:00:00+00:00,4585.624287444402
2026-03-31 16:00:00+00:00,4593.066258866461
2026-03-31 17:00:00+00:00,4619.286245713541
2026-03-31 18:00:00+00:00,4635.078073088137
2026-03-31 19:00:00+00:00,4647.705784403376
2026-03-31 20:00:00+00:00,4658.730130063738
2026-03-31 21:00:00+00:00,4641.0618289269305
2026-03-31 22:00:00+00:00,4648.551750403204
2026-03-31 23:00:00+00:00,4650.428340051244
2026-04-01 00:00:00+00:00,4667.305079902109
