date,paxg_price,paxg_total_volume,paxg_market_cap,gold_price,gold_volume,paxg_log_price,gold_log_price,basis,abs_basis,premium_discount_pct,weekday,is_monday,gold_return,paxg_return,tracking_error,basis_change
2025-07-07,3334.492145245455,22474319.42433487,931576792.5271704,3332.199951171875,254,8.112075666467684,8.111388010841548,0.0006876556261357081,0.0006876556261357081,0.06878921154698191,Monday,1,,,,
2025-07-08,3336.897322382628,53216020.69263611,933617619.7271073,3307.0,909,8.112796708839156,8.103796712981794,0.008999995857362109,0.008999995857362109,0.9040617593779214,Tuesday,0,-0.00759129785975432,0.0007210423714720804,0.0083123402312264,0.0083123402312264
2025-07-09,3308.4895831689787,54865303.46634457,925560689.948134,3311.60009765625,114,8.104247044941484,8.105186764753794,-0.0009397198123100026,0.0009397198123100026,-0.09392784139222415,Wednesday,0,0.0013900517720006889,-0.008549663897671422,0.009939715669672111,-0.009939715669672111
2025-07-10,3320.168555312299,69303484.21187916,930220931.7217741,3317.39990234375,209,8.107770830294177,8.106936593134355,0.0008342371598217824,0.0008342371598217824,0.08345852324263922,Thursday,0,0.001749828380560814,0.003523785352692599,0.001773956972131785,0.001773956972131785
2025-07-11,3323.5517133530498,64439245.24824251,931252147.153194,3356.0,776,8.108789283268225,8.118505067587098,-0.009715784318872878,0.009715784318872878,-0.9668738571796852,Friday,0,0.01156847445274245,0.00101845297404779,0.01055002147869466,-0.01055002147869466
2025-07-14,3355.9890427271716,42874229.61595196,940271155.0794516,3351.5,583,8.118501802601783,8.117163285798012,0.0013385168037700623,0.0013385168037700623,0.13394130172077087,Monday,1,-0.0013417817890850614,0.009712519333557879,0.01105430112264294,0.01105430112264294
2025-07-15,3350.133381062237,138984160.48004746,938612083.1433977,3329.800048828125,210,8.116755439268966,8.110667535774732,0.00608790349423316,0.00608790349423316,0.6106472441571332,Tuesday,0,-0.006495750023280067,-0.0017463633328169692,0.004749386690463098,0.004749386690463098
2025-07-16,3338.0043954799567,99803495.9725478,935191062.5037367,3352.5,10,8.11312842102138,8.117461615155834,-0.004333194134455098,0.004333194134455098,-0.4323819394494659,Wednesday,0,0.006794079381101881,-0.0036270182475863777,0.010421097628688258,-0.010421097628688258
2025-07-17,3352.3171936783133,82752963.21492939,940522394.3571656,3340.10009765625,667,8.117407085310663,8.113756054879833,0.003651030430830815,0.003651030430830815,0.3657703561230405,Thursday,0,-0.0037055602760016626,0.004278664289284251,0.007984224565285913,0.007984224565285913
2025-07-18,3343.1135880018705,93350803.55283861,939503144.9768881,3353.0,602,8.114657863707617,8.117610746466228,-0.002952882758611608,0.002952882758611608,-0.29485272884370595,Friday,0,0.003854691586395731,-0.002749221603046692,0.006603913189442423,-0.006603913189442423
2025-07-21,3353.096193922796,28203903.263014022,944792360.1651534,3401.89990234375,53,8.117639434966966,8.132089349343557,-0.014449914376591266,0.014449914376591266,-1.434601540960409,Monday,1,0.014478602877328939,0.0029815712593492805,0.011497031617979658,-0.011497031617979658
2025-07-22,3396.9845007201834,80291449.41390091,957152554.2659293,3439.199951171875,39,8.130643405512608,8.142994150984547,-0.012350745471939817,0.012350745471939817,-1.2274788046943033,Tuesday,0,0.010904801640990058,0.013003970545641508,0.0020991689046514495,0.0020991689046514495
2025-07-23,3426.4444811824737,66322791.31562144,965416490.6176771,3394.10009765625,63,8.139278408116988,8.129793937892053,0.009484470224935038,0.009484470224935038,0.9529590346660286,Wednesday,0,-0.013200213092494195,0.00863500260438066,0.021835215696874855,0.021835215696874855
2025-07-24,3395.937430520797,64125177.5422095,956689708.0832206,3371.0,1175,8.130335122797664,8.12296471523406,0.0073704075636040756,0.0073704075636040756,0.7397635870897976,Thursday,0,-0.006829222657993128,-0.00894328531932409,0.002114062661330962,-0.002114062661330962
2025-07-25,3376.4098017371603,69183153.40063304,951348980.6590161,3334.0,67,8.124568235119556,8.111928063310739,0.012640171808817158,0.012640171808817158,1.2720396441859703,Friday,0,-0.011036651923321372,-0.00576688767810829,0.005269764245213082,0.005269764245213082
2025-07-28,3346.7607001334422,38292902.689820714,942942485.7713908,3309.10009765625,533,8.115748201832314,8.104431557586858,0.011316644245455976,0.011316644245455976,1.138091969592164,Monday,1,-0.007496505723880276,-0.008820033287241458,0.001323527563361182,-0.001323527563361182
2025-07-29,3321.168850639034,116951679.44747332,937143077.6281786,3323.39990234375,113144,8.108072063396234,8.108743604882672,-0.0006715414864384428,0.0006715414864384428,-0.06713160529199068,Tuesday,0,0.0043120472958140255,-0.007676138436080393,0.011988185731894418,-0.011988185731894418
2025-07-30,3334.4472632049738,56699258.78439108,942078225.6332905,3295.800048828125,19252,8.112062206444213,8.100404224391887,0.011657982052325266,0.011657982052325266,1.1726201166417967,Wednesday,0,-0.008339380490784976,0.003990143047978734,0.01232952353876371,0.01232952353876371
2025-07-31,3297.545386105817,96326745.53032014,931766145.4146012,3293.199951171875,3704,8.100933648289264,8.099615000597316,0.001318647691947561,0.001318647691947561,0.13195174900922446,Thursday,0,-0.0007892237945714697,-0.011128558154949175,0.010339334360377705,-0.010339334360377705
2025-08-01,3295.4268305779306,89816808.46713321,932739706.602296,3347.699951171875,3420,8.100290977417561,8.11602880727419,-0.015737829856629304,0.015737829856629304,-1.5614637320063895,Friday,0,0.016413806676874643,-0.0006426708717022223,0.017056477548576865,-0.017056477548576865
2025-08-04,3362.1294756485527,37488237.468038216,952413919.602797,3374.39990234375,351,8.120329824722715,8.123972780784179,-0.00364295606146392,0.00364295606146392,-0.3636328547388436,Monday,1,0.007943973509988211,0.020038847305153595,0.012094873795165384,0.012094873795165384
2025-08-05,3379.0232924737634,70891735.92684813,957638749.5440916,3381.89990234375,915,8.125341979994397,8.126192931842445,-0.0008509518480472877,0.0008509518480472877,-0.08505898912008168,Tuesday,0,0.0022201510582657846,0.005012155271682417,0.0027920042134166323,0.0027920042134166323
2025-08-06,3384.220459152731,63675091.4616681,960408527.4107562,3380.0,1492,8.12687886610787,8.125630988477065,0.0012478776308046946,0.0012478776308046946,0.12486565540624583,Wednesday,0,-0.0005619433653798467,0.0015368861134721357,0.0020988294788519823,0.0020988294788519823
2025-08-07,3371.6175116064837,55489389.264405884,956743227.6562748,3400.300048828125,5464,8.123147881966313,8.131618956365811,-0.008471074399498235,0.008471074399498235,-0.8435295947346289,Thursday,0,0.005987967888746226,-0.0037309841415567035,0.00971895203030293,-0.00971895203030293
2025-08-08,3394.4461501424994,76135922.78737907,964692163.5836878,3439.10009765625,7657,8.129895889760368,8.14296511662579,-0.013069226865422223,0.013069226865422223,-1.2984195355111159,Friday,0,0.011346160259979143,0.006748007794055155,0.004598152465923988,-0.004598152465923988
2025-08-11,3386.176408452649,31479038.179510392,962354633.4713527,3353.10009765625,1488,8.127456660701771,8.117640599183844,0.009816061517927466,0.009816061517927466,0.9864397075267343,Monday,1,-0.025324517441946526,-0.002439229058596837,0.02288528838334969,0.02288528838334969
2025-08-12,3345.2188828478997,108919615.22881658,950652546.721513,3348.89990234375,1611,8.115287406250467,8.1163871835281,-0.0010997772776342174,0.0010997772776342174,-0.10991727442417926,Tuesday,0,-0.0012534156557428844,-0.012169254451304568,0.010915838795561683,-0.010915838795561683
2025-08-13,3342.643483263842,96134938.01421025,949951305.1004853,3358.699951171875,1011,8.11451723498486,8.119309258790581,-0.004792023805721968,0.004792023805721968,-0.47805603779613626,Wednesday,0,0.0029220752624805613,-0.0007701712656071891,0.0036922465280877503,-0.0036922465280877503
2025-08-14,3354.7805416683696,79528860.58902025,953403037.373988,3335.199951171875,592,8.11814163494689,8.112287911926348,0.005853723020541324,0.005853723020541324,0.5870889536807111,Thursday,0,-0.00702134686423328,0.0036243999620300116,0.010645746826263291,0.010645746826263291
2025-08-15,3330.5762234399463,73485870.20677328,946495088.822703,3336.0,1185,8.11090060807684,8.112527763478637,-0.0016271554017972534,0.0016271554017972534,-0.1625832302174382,Friday,0,0.0002398515522887834,-0.007241026870049794,0.007480878422338577,-0.007480878422338577
2025-08-18,3326.8278183280117,20900137.75199481,945390026.874642,3331.699951171875,646,8.109774521847276,8.111237948563224,-0.0014634267159472358,0.0014634267159472358,-0.14623564292305363,Monday,1,-0.0012898149154132454,-0.001126086229563228,0.00016372868585001754,0.00016372868585001754
2025-08-19,3333.0361421542375,63745308.499823675,937646909.9270598,3313.39990234375,1655,8.11163892197959,8.105730102031313,0.005908819948277966,0.005908819948277966,0.592631145929524,Tuesday,0,-0.005507846531910943,0.001864400132314259,0.007372246664225202,0.007372246664225202
2025-08-20,3311.648916404008,55628695.77169538,933183301.036727,3343.39990234375,1213,8.105201506385177,8.114743503059865,-0.009541996674688136,0.009541996674688136,-0.9496616278981225,Wednesday,0,0.009013401028552082,-0.00643741559441402,0.015450816622966101,-0.015450816622966101
2025-08-21,3340.4028353365316,71103802.18321697,941079840.8096617,3336.89990234375,142,8.113846688080214,8.112797482000532,0.0010492060796813973,0.0010492060796813973,0.10497566889318992,Thursday,0,-0.0019460210593322813,0.008645181695037252,0.010591202754369533,0.010591202754369533
2025-08-22,3330.674384892064,38417492.74901389,938288734.9041427,3374.39990234375,1240,8.110930080456095,8.123972780784179,-0.013042700328083967,0.013042700328083967,-1.2958012896253197,Friday,0,0.011175298783646426,-0.0029166076241189387,0.014091906407765364,-0.014091906407765364
2025-08-25,3358.9761759841163,32992642.155956127,946162112.3583223,3373.800048828125,1044,8.119391496995332,8.12379499899895,-0.004403502003617277,0.004403502003617277,-0.4393820804276103,Monday,1,-0.00017778178522931398,0.008461416539237376,0.00863919832446669,0.00863919832446669
2025-08-26,3341.8874901037857,80489112.72959729,941498205.5419611,3388.60009765625,905,8.114291043149922,8.128172164543061,-0.013881121393138685,0.013881121393138685,-1.3785222866744713,Tuesday,0,0.004377165544111605,-0.0051004538454098025,0.009477619389521408,-0.009477619389521408
2025-08-27,3379.57146077887,113327890.5832997,952071154.9299402,3404.60009765625,3222,8.125504193687132,8.132882766064089,-0.007378572376957493,0.007378572376957493,-0.7351417540817754,Wednesday,0,0.0047106015210278684,0.01121315053720906,0.006502549016181192,0.006502549016181192
2025-08-28,3388.848489647877,59467339.51334389,954858936.7121091,3431.800048828125,1035,8.128245464100715,8.140840198079658,-0.012594733978943395,0.012594733978943395,-1.2515752249293994,Thursday,0,0.00795743201556931,0.0027412704135834076,0.0052161616019859025,-0.0052161616019859025
2025-08-29,3416.6096641182185,85456864.29157525,962639450.0271757,3473.699951171875,0,8.136404012086555,8.152975573229819,-0.01657156114326419,0.01657156114326419,-1.6435008163096172,Friday,0,0.012135375150160499,0.008158547985839704,0.003976827164320795,-0.003976827164320795
2025-09-02,3502.5600542111492,143079356.1706079,986765556.3387008,3549.39990234375,658,8.161249424162998,8.17453382658701,-0.013284402424012853,0.013284402424012853,-1.3196554184179512,Tuesday,0,0.02155825335719186,0.024845412076443196,0.0032871587192513374,0.0032871587192513374
2025-09-03,3547.2005903751206,166070782.6502201,1002115871.6836045,3593.199951171875,72,8.173914005296156,8.186798435766015,-0.012884430469858543,0.012884430469858543,-1.2801781537860804,Wednesday,0,0.012264609179004182,0.012664581133158492,0.0003999719541543101,0.0003999719541543101
2025-09-04,3572.630642023934,113209130.31475894,1015250859.2775984,3565.800048828125,237,8.181057477931462,8.179143725294125,0.0019137526373373959,0.0019137526373373959,0.1915585030645146,Thursday,0,-0.007654710471889814,0.007143472635306125,0.014798183107195939,0.014798183107195939
2025-09-05,3559.0436527874376,147696967.54401952,1012533040.2300403,3613.199951171875,925,8.177247150899271,8.192349071761871,-0.015101920862599982,0.015101920862599982,-1.4988458739149704,Friday,0,0.013205346467746182,-0.0038103270321911964,0.017015673499937378,-0.017015673499937378
2025-09-08,3603.13107453133,92209833.9461376,1035336439.4422755,3638.10009765625,97,8.189558489362357,8.199216873173507,-0.009658383811149918,0.009658383811149918,-0.9611891423066667,Monday,1,0.006867801411635455,0.01231133846308552,0.005443537051450065,0.005443537051450065
2025-09-09,3638.9231911632533,118866512.19527756,1045647033.103009,3643.300048828125,535,8.199443090261964,8.200645156731959,-0.001202066469994989,0.001202066469994989,-0.120134427749907,Tuesday,0,0.001428283558452037,0.009884600899606966,0.008456317341154929,0.008456317341154929
2025-09-10,3644.2400271946512,132970637.86130536,1049109231.4235996,3643.60009765625,136,8.20090312536388,8.200727509672786,0.00017561569109325603,0.00017561569109325603,0.01756311124299516,Wednesday,0,8.235294082759026e-05,0.0014600351019158353,0.001377682161088245,0.001377682161088245
2025-09-11,3643.1187030476635,103613778.53009151,1051383423.5968765,3636.89990234375,307,8.200595380350261,8.19888692256914,0.0017084577811221635,0.0017084577811221635,0.17099180265879493,Thursday,0,-0.0018405871036470955,-0.00030774501361818807,0.0015328420900289075,0.0015328420900289075
2025-09-12,3633.386917571101,102392740.8111667,1048732256.1414262,3649.39990234375,1300,8.197920527395723,8.2023180227429,-0.004397495347175706,0.004397495347175706,-0.43878405220444344,Friday,0,0.0034311001737599156,-0.002674852954537954,0.00610595312829787,-0.00610595312829787
2025-09-15,3644.5828611449538,41260099.48320621,1051732117.5593716,3682.199951171875,210,8.200997196507,8.211265665362522,-0.010268468855521462,0.010268468855521462,-1.0215928120619697,Monday,1,0.008947642619622442,0.0030766691112766864,0.005870973508345756,-0.005870973508345756
2025-09-16,3685.2419878342066,106289848.75781286,1065044060.4343003,3688.89990234375,373,8.21209147080772,8.213083563139017,-0.0009920923312964902,0.0009920923312964902,-0.09916003704029284,Tuesday,0,0.0018178977764957693,0.011094274300720741,0.009276376524224972,0.009276376524224972
2025-09-17,3705.329815426914,117119861.7587818,1070843946.769518,3681.800048828125,183,8.217527552776843,8.211157055274487,0.006370497502356187,0.006370497502356187,0.6390832279520012,Wednesday,0,-0.0019265078645300804,0.005436081969122597,0.007362589833652677,0.007362589833652677
2025-09-18,3673.302036344872,139231066.4569836,1061582203.3059101,3643.699951171875,80,8.208846273951195,8.200754914477026,0.008091359474169835,0.008091359474169835,0.812418299247617,Thursday,0,-0.010402140797461712,-0.008681278825648064,0.0017208619718136475,0.0017208619718136475
2025-09-19,3645.5912595031023,107000014.35272002,1059186920.5771487,3671.5,211,8.201273842399921,8.208355576891664,-0.007081734491743319,0.007081734491743319,-0.7056718098024714,Friday,0,0.007600662414638748,-0.007572431551274406,0.015173093965913154,-0.015173093965913154
2025-09-22,3694.1237630069004,28774159.719294235,1073403441.7007251,3740.699951171875,410,8.214498663989744,8.227028025617445,-0.012529361627700908,0.012529361627700908,-1.2451195972129059,Monday,1,0.018672448725780555,0.013224821589822966,0.005447627135957589,-0.005447627135957589
2025-09-23,3760.1240961855447,174685834.13870478,1092669995.5517821,3780.60009765625,627,8.232207240143977,8.23763803200695,-0.005430791862973905,0.005430791862973905,-0.5416071772150475,Tuesday,0,0.0106100063895056,0.017708576154232603,0.007098569764727003,0.007098569764727003
2025-09-24,3774.740149877045,170092647.09862643,1098626118.2676091,3732.10009765625,588,8.236086824844268,8.224726383058846,0.011360441785422282,0.011360441785422282,1.1425216662214632,Wednesday,0,-0.012911648948104926,0.003879584700291261,0.016791233648396187,0.016791233648396187
2025-09-25,3755.7545990180306,144886385.72243568,1095404246.0987601,3736.89990234375,1899,8.231044502468983,8.226011643561785,0.005032858907197735,0.005032858907197735,0.5045545015122056,Thursday,0,0.0012852605029394226,-0.005042322375285124,0.006327582878224547,-0.006327582878224547
2025-09-26,3754.370207965883,196646147.64031884,1098456321.397182,3775.300048828125,19308,8.230675829216965,8.236235141657787,-0.005559312440821529,0.005559312440821529,-0.5543888059636184,Friday,0,0.010223498096001649,-0.00036867325201761503,0.010592171348019264,-0.010592171348019264
2025-09-29,3778.5823326480245,43662740.679219924,1107376805.0601623,3820.89990234375,8860,8.23710417399393,8.248241250386604,-0.01113707639267325,0.01113707639267325,-1.1075288748016616,Monday,1,0.012006108728817466,0.006428344776965744,0.005577763951851722,-0.005577763951851722
2025-09-30,3846.986673192843,200909020.26411563,1128085010.8712685,3840.800048828125,1611,8.25504543853856,8.25343596992974,0.0016094686088194976,0.0016094686088194976,0.16107644985595754,Tuesday,0,0.005194719543135662,0.01794126454462841,0.012746545001492748,0.012746545001492748
2025-10-01,3872.390063062284,202268371.7741356,1140745050.2755775,3867.5,1778,8.261627182749836,8.260363582447221,0.0012636003026145204,0.0012636003026145204,0.1264398981844562,Wednesday,0,0.0069276125174813075,0.00658174421127633,0.0003458683062049772,-0.0003458683062049772
2025-10-02,3873.270259055633,231572607.66066355,1151950813.7641232,3839.699951171875,3418,8.261854457368274,8.253149504813205,0.008704952555069312,0.008704952555069312,0.8742950832268062,Thursday,0,-0.007214077634015936,0.00022727461843885521,0.0074413522524547915,0.0074413522524547915
2025-10-03,3867.225441450083,159552829.531195,1153352456.070903,3880.800048828125,392,8.260292588705527,8.263796609512982,-0.003504020807454822,0.003504020807454822,-0.34978888907561817,Friday,0,0.010647104699776477,-0.0015618686627476563,0.012208973362524134,-0.012208973362524134
2025-10-06,3914.8720211778773,83222158.29499093,1169110996.0623019,3948.5,1267,8.272537918536285,8.281091038937635,-0.008553120401350256,0.008553120401350256,-0.8516646529599268,Monday,1,0.017294429424653757,0.012245329830758322,0.005049099593895434,-0.005049099593895434
2025-10-07,3984.7129921252053,184081272.68726826,1191635787.7968535,3976.60009765625,2903,8.290220566579212,8.288182486381706,0.0020380801975061758,0.0020380801975061758,0.2040158494623829,Tuesday,0,0.007091447444070198,0.01768264804292663,0.010591200598856432,0.010591200598856432
2025-10-08,4003.1574613964153,217227720.68779182,1197249301.547012,4043.300048828125,2179,8.294838694066158,8.304816481289226,-0.00997778722306819,0.00997778722306819,-0.9928174250472519,Wednesday,0,0.01663399490752049,0.004618127486946122,0.012015867420574367,-0.012015867420574367
2025-10-09,4030.949905257698,379556899.7652626,1211273659.364574,3946.300048828125,3130,8.301757335666514,8.280533722421648,0.021223613244865547,0.021223613244865547,2.145043594815103,Thursday,0,-0.024282758867578025,0.006918641600355713,0.031201400467933738,0.031201400467933738
2025-10-10,4000.893667523733,304147764.12490916,1210622592.5294416,3975.89990234375,1697,8.294273032029126,8.288006391992694,0.006266640036432847,0.006266640036432847,0.6286316505415352,Friday,0,0.0074726695710456426,-0.0074843036373870575,0.0149569732084327,-0.0149569732084327
2025-10-13,4043.194048326909,208148438.4002663,1240344370.2055597,4108.60009765625,1697,8.304790264612395,8.320837640627152,-0.016047376014757475,0.016047376014757475,-1.5919302870739793,Monday,1,0.03283124863445863,0.01051723258326831,0.022314016051190322,-0.022314016051190322
2025-10-14,4143.423111528883,286546896.6240202,1270746829.2735002,4138.7001953125,2424,8.329277563710235,8.328137055037917,0.0011405086723179636,0.0011405086723179636,0.1141159299659405,Tuesday,0,0.007299414410764982,0.02448729909784042,0.01718788468707544,0.01718788468707544
2025-10-15,4182.059287010093,430852848.46835923,1282282424.0562065,4176.89990234375,3287,8.338559056600213,8.33732460020327,0.0012344563969417521,0.0012344563969417521,0.12352186518637086,Wednesday,0,0.009187545165353583,0.009281492889977372,9.394772462378853e-05,9.394772462378853e-05
2025-10-16,4240.614153890763,412301338.2469267,1315766711.7735462,4280.2001953125,4705,8.352463385352346,8.361755062087669,-0.009291676735323051,0.009291676735323051,-0.9248642496930359,Thursday,0,0.024430461884398014,0.01390432875213321,0.010526133132264803,-0.010526133132264803
2025-10-17,4444.796224206892,685543870.4243277,1395034130.364742,4189.89990234375,4060,8.399489303074173,8.340432122975391,0.05905718009878136,0.05905718009878136,6.083589770737898,Friday,0,-0.02132293911227734,0.04702591772182707,0.06834885683410441,0.06834885683410441
2025-10-20,4244.6730841713625,212167226.49180016,1361019497.3923507,4336.39990234375,1750,8.353420083806107,8.374799767267016,-0.021379683460908794,0.021379683460908794,-2.115275810305474,Monday,1,0.03436764429162409,-0.046069219268066064,0.08043686355969015,-0.08043686355969015
2025-10-21,4365.2052006648455,472339063.4489705,1439544146.5812774,4087.699951171875,2943,8.381420477630337,8.315737731726966,0.06568274590337175,0.06568274590337175,6.788787161675465,Tuesday,0,-0.05906203554004996,0.028000393824230585,0.08706242936428055,0.08706242936428055
2025-10-22,4111.543508875656,634899687.4111804,1361603575.9275057,4044.39990234375,1237,8.321553786593961,8.305088463071202,0.01646532352275898,0.01646532352275898,1.6601624011759009,Wednesday,0,-0.010649268655763322,-0.059866691036376096,0.049217422380612774,-0.049217422380612774
2025-10-23,4093.1402109681385,695588816.3053976,1354565044.7181678,4125.5,354,8.317067732189114,8.324942503544397,-0.007874771355282917,0.007874771355282917,-0.7843846571775908,Thursday,0,0.019854040473195056,-0.00448605440484684,0.024340094878041896,-0.024340094878041896
2025-10-24,4117.987456090073,411290729.8118193,1366201822.6127777,4118.39990234375,123,8.323119841466065,8.323219993689625,-0.00010015222355974629,0.00010015222355974629,-0.010014720849296943,Friday,0,-0.0017225098547726247,0.006052109276950546,0.0077746191317231705,0.0077746191317231705
2025-10-27,4060.0723367432574,168397646.33686247,1348537894.7596738,4001.89990234375,220,8.308956069368895,8.294524502922767,0.01443156644612742,0.01443156644612742,1.4536204257742231,Monday,1,-0.02869549076685729,-0.014163772097170124,0.014531718669687166,0.014531718669687166
2025-10-28,3992.2815748582025,429842228.83452326,1326049845.714727,3966.199951171875,219,8.292118169728013,8.285563724140669,0.006554445587344304,0.006554445587344304,0.657597297348089,Tuesday,0,-0.008960778782098444,-0.01683789964088156,0.007877120858783115,-0.007877120858783115
2025-10-29,3962.93406604726,489440577.8255168,1315561923.8043926,3983.699951171875,1344,8.284739955668046,8.289966302407413,-0.005226346739366505,0.005226346739366505,-0.521271315087535,Wednesday,0,0.0044025782667436175,-0.007378214059967192,0.01178079232671081,-0.01178079232671081
2025-10-30,3951.7710041617365,386469191.8749795,1313438624.6864326,4001.300048828125,935,8.281919112897864,8.294374599504033,-0.012455486606169686,0.012455486606169686,-1.237823808811694,Thursday,0,0.004408297096620828,-0.0028208427701823524,0.00722913986680318,-0.00722913986680318
2025-10-31,4036.877466189901,378783660.99842775,1342467666.51706,3982.199951171875,559,8.303226767702148,8.28958969711834,0.013637070583808253,0.013637070583808253,1.3730479556139725,Friday,0,-0.0047849023856940676,0.02130765480428387,0.02609255718997794,0.02609255718997794
2025-11-03,3978.7792978496336,74039620.14075337,1324680388.897812,4000.300048828125,0,8.288730342150627,8.294124649495783,-0.005394307345156335,0.005394307345156335,-0.5379784195137015,Monday,1,0.004534952377444057,-0.014496425551520531,0.019031377928964588,-0.019031377928964588
2025-11-04,3989.2103012866282,190038189.64367315,1327859928.8470201,3947.699951171875,657,8.29134857081823,8.280888397455453,0.010460173362776715,0.010460173362776715,1.0515072226406388,Tuesday,0,-0.013236252040330854,0.002618228667602196,0.01585448070793305,0.01585448070793305
2025-11-05,3928.286227354748,270991080.8079226,1308125328.4517694,3980.300048828125,559,8.275958535290746,8.289112484589658,-0.013153949298912337,0.013153949298912337,-1.3067814193729148,Wednesday,0,0.00822408713420586,-0.015390035527483192,0.023614122661689052,-0.023614122661689052
2025-11-06,3972.3335145558617,205103585.07743496,1322802980.6433969,3979.89990234375,650,8.287108988043874,8.289011947797325,-0.0019029597534512277,0.0019029597534512277,-0.1901150273511268,Thursday,0,-0.00010053679233301693,0.011150452753128093,0.01125098954546111,0.01125098954546111
2025-11-07,3983.0165355258187,143513898.13652256,1325605814.209555,3999.39990234375,245,8.289794734698464,8.293899604433177,-0.0041048697347125795,0.0041048697347125795,-0.40964562729349163,Friday,0,0.004887656635851556,0.0026857466545902042,0.002201909981261352,-0.002201909981261352
2025-11-10,4001.4379890208056,59266956.00459748,1331996734.5787933,4111.7998046875,189,8.294409072753574,8.321616120319346,-0.027207047565772413,0.027207047565772413,-2.6840269689414504,Monday,1,0.02771651588616919,0.004614338055109357,0.023102177831059834,-0.023102177831059834
2025-11-11,4111.203530025486,162451792.43336302,1370994025.23856,4106.7998046875,569,8.321471094313933,8.320399367866491,0.001071726447442245,0.001071726447442245,0.10723009514511087,Tuesday,0,-0.0012167524528550189,0.02706202156035964,0.028278774013214658,0.028278774013214658
2025-11-12,4128.0196127239205,167952460.7603619,1376179852.7584255,4204.39990234375,396,8.325553058294473,8.343886851722043,-0.01833379342757091,0.01833379342757091,-1.8166751829970105,Wednesday,0,0.023487483855552327,0.004081963980539172,0.019405519875013155,-0.019405519875013155
2025-11-13,4176.432910060403,195201749.8576967,1392215682.7763205,4186.89990234375,167,8.337212790391709,8.339715858960922,-0.0025030685692133403,0.0025030685692133403,-0.24999385052143352,Thursday,0,-0.004170992761121539,0.01165973209723603,0.01583072485835757,0.01583072485835757
2025-11-14,4171.679971796119,285764160.54878646,1390333764.8716495,4087.60009765625,483,8.336074104596463,8.315713303628906,0.020360800967557324,0.020360800967557324,2.0569496068874042,Friday,0,-0.02400255533201623,-0.0011386857952455642,0.022863869536770665,0.022863869536770665
2025-11-17,4089.780773304377,120413308.0822514,1363458176.7915165,4068.300048828125,1552,8.316246646941204,8.310980512764104,0.005266134177100312,0.005266134177100312,0.528002463398427,Monday,1,-0.004732790864801828,-0.01982745765525884,0.015094666790457012,-0.015094666790457012
2025-11-18,4024.7842313436527,235147729.72110072,1341977805.3685303,4061.300048828125,1375,8.300226581296162,8.309258410410761,-0.009031829114599432,0.009031829114599432,-0.8991164662903657,Tuesday,0,-0.0017221023533426916,-0.016020065645042436,0.014297963291699745,-0.014297963291699745
2025-11-19,4062.8330917719054,209760270.77286142,1354349304.94602,4077.699951171875,486,8.309635815097623,8.31328837098063,-0.003652555883006059,0.003652555883006059,-0.3645893414913245,Wednesday,0,0.004029960569868152,0.009409233801461525,0.005379273231593373,0.005379273231593373
2025-11-20,4092.856215297769,251697501.41381037,1364372421.9509645,4056.5,202,8.31699834645873,8.30807581183512,0.00892253462360948,0.00892253462360948,0.8962459089798795,Thursday,0,-0.005212559145508777,0.007362531361106761,0.012575090506615538,0.012575090506615538
2025-11-21,4071.5869676741477,263290632.7022431,1357277117.891155,4076.699951171875,171,8.311788120785693,8.313043104617195,-0.0012549838315027984,0.0012549838315027984,-0.12541966686210412,Friday,0,0.00496729278207475,-0.005210225673037527,0.010177518455112278,-0.010177518455112278
2025-11-24,4064.586123095095,90543469.43691255,1356410273.8067973,4091.89990234375,591,8.310067202061685,8.316764664979495,-0.0066974629178098155,0.0066974629178098155,-0.667508489956225,Monday,1,0.0037215603622993143,-0.0017209187240077028,0.005442479086307017,-0.005442479086307017
2025-11-25,4139.81856507814,244595731.60990438,1381621339.049303,4139.2001953125,132704,8.32840724099867,8.328257858617814,0.00014938238085626665,0.00014938238085626665,0.01493935389595336,Tuesday,0,0.011493193638319354,0.018340038936985437,0.006846845298666082,0.006846845298666082
2025-11-26,4124.847182308096,192250490.21957242,1376649777.3401644,4165.2001953125,25088,8.324784251369346,8.334519619547246,-0.009735368177899772,0.009735368177899772,-0.9688132889702833,Wednesday,0,0.006261760929431759,-0.0036229896293242803,0.00988475055875604,-0.00988475055875604
2025-11-28,4160.209206102697,98264167.13248114,1388454584.0796547,4218.2998046875,3615,8.333320641919347,8.347187435963644,-0.013866794044297137,0.013866794044297137,-1.3771092922378596,Friday,0,0.012667816416398026,0.008536390550000661,0.004131425866397365,-0.004131425866397365
2025-12-01,4240.109705074877,87126811.06760694,1415173099.4018917,4239.2998046875,913,8.352344421729695,8.352153394184935,0.0001910275447603027,0.0001910275447603027,0.019104579168503288,Monday,1,0.004965958221291089,0.01902377981034853,0.01405782158905744,0.01405782158905744
2025-12-02,4246.201198396127,383713273.80545455,1418718021.689278,4186.60009765625,366,8.353780026537658,8.339644250986328,0.014135775551329388,0.014135775551329388,1.4236158063733728,Tuesday,0,-0.01250914319860641,0.001435604807962676,0.013944748006569085,0.013944748006569085
2025-12-03,4215.066042217964,277657795.2473968,1423406401.4381158,4199.2998046875,1897,8.346420538692321,8.342673077203631,0.003747461488689652,0.003747461488689652,0.3754492001944048,Wednesday,0,0.003028826217303049,-0.007359487845336687,0.010388314062639736,-0.010388314062639736
2025-12-04,4214.575457561514,165110005.7818321,1428366212.3893306,4211.7998046875,616,8.346304143550958,8.345645342372986,0.0006588011779715686,0.0006588011779715686,0.06590182351318337,Thursday,0,0.002972265169354671,-0.00011639514136341234,0.0030886603107180832,-0.0030886603107180832
2025-12-05,4213.999143991374,98880733.92623918,1429611932.1274896,4212.89990234375,533,8.34616739122965,8.345906502461952,0.000260888767698475,0.000260888767698475,0.0260922802132623,Friday,0,0.0002611600889661503,-0.00013675232130694326,0.00039791241027309354,-0.00039791241027309354
2025-12-08,4213.73994529744,50177251.32232102,1431500891.500685,4187.2001953125,318,8.346105880380472,8.339787578421014,0.006318301959458594,0.006318301959458594,0.6338304534531306,Monday,1,-0.0061189240409387224,-6.151084917860317e-05,0.006057413191760119,0.006057413191760119
2025-12-09,4202.420514656159,104301889.92578614,1429385311.4674394,4206.7001953125,660,8.343415951280264,8.34443381775488,-0.0010178664746156585,0.0010178664746156585,-0.1017348624251822,Tuesday,0,0.004646239333865765,-0.002689929100208488,0.007336168434074253,-0.007336168434074253
2025-12-10,4216.272357979952,83025295.2621391,1434076439.7011151,4196.39990234375,692,8.346706689173528,8.341982270585895,0.004724418587633394,0.004724418587633394,0.47355962488472847,Wednesday,0,-0.002451547168984547,0.003290737893264506,0.005742285062249053,0.005742285062249053
2025-12-11,4239.3995096217095,117232010.1765994,1443352801.6988416,4285.5,528,8.352176913107003,8.362992510338938,-0.010815597231934149,0.010815597231934149,-1.0757318954215491,Thursday,0,0.021010239753042725,0.005470223933475182,0.015540015819567543,-0.015540015819567543
2025-12-12,4285.583388846208,147420370.65230852,1460850793.2574654,4300.10009765625,1531,8.363011968519993,8.366393579935423,-0.003381611415429475,0.003381611415429475,-0.3375900207056536,Friday,0,0.003401069596485229,0.010835055412989902,0.0074339858165046735,0.0074339858165046735
2025-12-15,4319.368403959341,58021172.63359752,1472742990.4757078,4306.7001953125,854,8.370864467762297,8.367927273927458,0.002937193834839036,0.002937193834839036,0.29415116150014814,Monday,1,0.001533693992035623,0.007852499242304134,0.006318805250268511,0.006318805250268511
2025-12-16,4316.9554375752805,205088417.24136317,1482202631.9090593,4304.5,1796,8.370305672957674,8.36741626609801,0.002889406859663879,0.002889406859663879,0.2893585219022066,Tuesday,0,-0.0005110078294485731,-0.0005587948046237301,4.7786975175156954e-05,-4.7786975175156954e-05
2025-12-17,4322.465820549219,144690136.7406081,1495998474.773403,4347.5,2169,8.371581310192283,8.377356246228437,-0.005774936036154088,0.005774936036154088,-0.5758293145665616,Wednesday,0,0.009939980130427628,0.0012756372346096612,0.008664342895817967,-0.008664342895817967
2025-12-18,4358.901814214131,160508190.40326136,1513697229.1212997,4339.5,705,8.3799754271428,8.3755144130843,0.004461014058499302,0.004461014058499302,0.4470979194407481,Thursday,0,-0.0018418331441374391,0.00839411695051595,0.01023595009465339,0.01023595009465339
2025-12-19,4345.802151374711,160462013.70468795,1518256749.5645025,4361.39990234375,1065,8.376965635476088,8.380548363327613,-0.003582727851524581,0.003582727851524581,-0.3576317539847064,Friday,0,0.005033950243312546,-0.0030097916667113367,0.008043741910023883,-0.008043741910023883
2025-12-22,4364.8612811914245,42954415.44027708,1531645377.6067228,4444.60009765625,449,8.381341687972935,8.399445177119254,-0.018103489146319873,0.018103489146319873,-1.7940605389194362,Monday,1,0.018896813791641875,0.004376052496846583,0.014520761294795292,-0.014520761294795292
2025-12-23,4480.019485523734,271442975.9372667,1575606109.7179782,4482.7998046875,694,8.407382674846835,8.408003086608563,-0.0006204117617283345,0.0006204117617283345,-0.06202193461458115,Tuesday,0,0.008557909489308457,0.026040986873899996,0.01748307738459154,0.01748307738459154
2025-12-24,4530.408803031661,242970633.62456113,1614348074.9463654,4480.60009765625,500,8.41856745790023,8.40751226680818,0.011055191092049554,0.011055191092049554,1.1116525530021089,Wednesday,0,-0.0004908198003832354,0.011184783053394654,0.011675602853777889,0.011675602853777889
2025-12-26,4515.493853915073,69394173.44275813,1624508965.1931233,4529.10009765625,263,8.415269840581539,8.418278544803755,-0.0030087042222159965,0.0030087042222159965,-0.3004182607537969,Friday,0,0.01076627799557528,-0.0032976173186902713,0.014063895314265551,-0.014063895314265551
2025-12-29,4550.805944963899,105218010.41970482,1637394035.793012,4325.10009765625,2044,8.423059627020491,8.372190563064926,0.0508690639555649,0.0508690639555649,5.218511530633879,Monday,1,-0.04608798173882889,0.007789786438952007,0.053877768177780894,0.053877768177780894
2025-12-30,4354.812815999148,396320974.8579533,1589347666.9882658,4370.10009765625,1837,8.379036906961991,8.382541193469468,-0.003504286507476806,0.003504286507476806,-0.34981536613544456,Tuesday,0,0.01035063040454176,-0.04402272005849994,0.0543733504630417,-0.0543733504630417
2025-12-31,4353.9110268504,264446777.4408436,1598767272.5114784,4325.60009765625,785,8.378829806778716,8.372306160644143,0.0065236461345730135,0.0065236461345730135,0.6544971461760838,Wednesday,0,-0.010235032825324453,-0.0002071001832746333,0.01002793264204982,0.01002793264204982
2026-01-02,4352.653883258501,63279955.345823936,1612373935.2441387,4314.39990234375,589,8.378541026160043,8.369713521388062,0.008827504771980799,0.008827504771980799,0.8866582092672964,Friday,0,-0.0025926392560808864,-0.00028878061867310123,0.002303858637407785,0.002303858637407785
2026-01-05,4383.260525863286,144218370.2068406,1632232264.4822683,4436.89990234375,618,8.38554813873064,8.397711191364179,-0.01216305263353945,0.01216305263353945,-1.2089381699174646,Monday,1,0.027997669976116413,0.0070071125705961634,0.02099055740552025,-0.02099055740552025
2026-01-06,4446.871304319736,259195514.19687486,1672600956.6803443,4482.2001953125,459,8.399956050204306,8.407869319876628,-0.007913269672322087,0.007913269672322087,-0.7882042178685201,Tuesday,0,0.010158128512449238,0.014407911473666601,0.004249782961217363,0.004249782961217363
2026-01-07,4509.997993563862,291533081.6712783,1699523643.3166373,4449.2998046875,972,8.414051987610563,8.40050201551867,0.01354997209189257,0.01354997209189257,1.3642189005203549,Wednesday,0,-0.007367304357957849,0.014095937406256809,0.021463241764214658,0.021463241764214658
2026-01-08,4472.169814456872,216606897.92578712,1690807310.49752,4449.7001953125,2423,8.40562898693529,8.400592001050814,0.005036985884474987,0.005036985884474987,0.5049692823809169,Thursday,0,8.998553214389915e-05,-0.008423000675273684,0.008512986207417583,-0.008512986207417583
2026-01-09,4478.1926109730175,194802061.86261302,1705540984.8096473,4490.2998046875,237,8.406974808956551,8.409674750152496,-0.0026999411959440778,0.0026999411959440778,-0.26962996327870103,Friday,0,0.009082749101681387,0.0013458220212623218,0.007736927080419065,-0.007736927080419065
2026-01-12,4539.234715646005,85250804.91176355,1736277167.3509367,4604.2998046875,156,8.420513711991063,8.434745886029118,-0.014232174038054879,0.014232174038054879,-1.4131375410275107,Monday,1,0.025071135876622463,0.013538903034511662,0.011532232842110801,-0.011532232842110801
2026-01-13,4602.770576299094,248402657.49328333,1760340299.6078067,4589.2001953125,239,8.43441370036328,8.431461038484148,0.0029526618791315684,0.0029526618791315684,0.2957025278708619,Tuesday,0,-0.0032848475449700487,0.013899988372216399,0.017184835917186447,0.017184835917186447
2026-01-14,4600.280232533454,216870528.56112632,1759230840.4481108,4626.2998046875,1313,8.4338725007376,8.439512649313857,-0.0056401485762567205,0.0056401485762567205,-0.5624272799545338,Wednesday,0,0.008051610829708622,-0.000541199625679667,0.008592810455388289,-0.008592810455388289
2026-01-15,4624.80180016814,224287689.74675694,1770233079.6577277,4616.2998046875,4358,8.439188795010567,8.437348755101262,0.0018400399093057018,0.0018400399093057018,0.1841733821535413,Thursday,0,-0.0021638942125949967,0.005316294272967426,0.007480188485562422,0.007480188485562422
2026-01-16,4620.174768778233,204679145.42693174,1768761613.7319646,4588.39990234375,352,8.438187812100173,8.431286637123822,0.006901174976350788,0.006901174976350788,0.6925042958494545,Friday,0,-0.006062117977439385,-0.001000982910394299,0.005061135067045086,0.005061135067045086
2026-01-20,4681.930599841509,184705814.36764196,1794196278.7200596,4759.60009765625,175,8.451465825181815,8.467918930598742,-0.016453105416927016,0.016453105416927016,-1.6318492356739625,Tuesday,0,0.03663229347491992,0.013278013081642115,0.023354280393277804,-0.023354280393277804
2026-01-21,4800.816475796943,432225260.71492755,1858157115.3436952,4831.7998046875,1706,8.47654128155513,8.482974307607247,-0.006433026052116375,0.006433026052116375,-0.6412378439292648,Wednesday,0,0.015055377008504678,0.02507545637331532,0.010020079364810641,0.010020079364810641
2026-01-22,4808.528465350099,619652285.7566255,1887115776.8902748,4908.7998046875,1175,8.478146383933309,8.498784751944644,-0.020638368011335118,0.020638368011335118,-2.0426854491325908,Thursday,0,0.0158104443373972,0.001605102378178458,0.014205341959218742,-0.014205341959218742
2026-01-23,4967.957550176696,391904196.51287776,1985942143.8902948,4976.2001953125,169,8.510764078926385,8.512421865786672,-0.0016577868602869472,0.0016577868602869472,-0.16564134906727898,Friday,0,0.01363711384202837,0.03261769499307654,0.01898058115104817,0.01898058115104817
2026-01-26,5061.613353858085,404809236.9253128,2037168579.03467,5079.7001953125,180,8.529440556097347,8.533007522160208,-0.003566966062860999,0.003566966062860999,-0.35606119965711996,Monday,1,0.0205856563735356,0.018676477170961547,0.0019091792025740517,-0.0019091792025740517
2026-01-27,5061.074492052811,566526640.2189034,2058333910.1498764,5079.89990234375,34,8.529334089946463,8.533046836115355,-0.003712746168892167,0.003712746168892167,-0.37058624486386077,Tuesday,0,3.931395514733538e-05,-0.00010646615088383271,0.0001457801060311681,-0.0001457801060311681
2026-01-28,5179.713650900526,10007584781.177574,2156226605.644004,5301.60009765625,112054,8.552505053976613,8.575763959194164,-0.023258905217550918,0.023258905217550918,-2.2990501831627803,Wednesday,0,0.04271712307880904,0.023170964030150287,0.01954615904865875,-0.01954615904865875
2026-01-29,5523.223022196824,886434685.6151128,2314971939.1273093,5318.39990234375,23709,8.616716849711809,8.578927766859113,0.037789082852695444,0.037789082852695444,3.8512169752938465,Thursday,0,0.0031638076649489477,0.06421179573519531,0.06104798807024636,0.06104798807024636
2026-01-30,5467.639379546262,1844293427.8081,2324029364.137824,4713.89990234375,8374,8.606602244598427,8.458270849147539,0.1483313954508887,0.1483313954508887,15.989721733967086,Friday,0,-0.12065691771157461,-0.010114605113381359,0.11054231259819325,0.11054231259819325
2026-02-02,4761.29974477964,429412953.59231275,2067783290.2974129,4622.5,3588,8.468275965578538,8.43869096326128,0.029585002317258358,0.029585002317258358,3.0026986431506693,Monday,1,-0.019579885886258808,-0.13832627901988914,0.11874639313363033,-0.11874639313363033
2026-02-03,4776.983492826211,1541034861.8041182,2099647372.073315,4903.7001953125,1213,8.471564557831597,8.49774534102304,-0.026180783191442458,0.026180783191442458,-2.5841037877360264,Tuesday,0,0.05905437776175937,0.003288592253058553,0.055765785508700816,-0.055765785508700816
2026-02-04,4955.988185714208,1097579834.9038908,2228015455.0431666,4920.39990234375,3886,8.508351858911286,8.501145087147412,0.007206771763874187,0.007206771763874187,0.7232803039750139,Wednesday,0,0.003399746124372882,0.03678730107968953,0.033387554955316645,0.033387554955316645
2026-02-05,5028.853156161436,938298889.0206761,2290227207.278686,4861.39990234375,793,8.522947236334526,8.48908172116707,0.03386551516745584,0.03386551516745584,3.444548014594618,Thursday,0,-0.012063365980342411,0.014595377423239242,0.026658743403581653,0.026658743403581653
2026-02-06,4711.380348385933,1034582979.7019163,2165268367.9470754,4951.2001953125,1386,8.457736211672406,8.507385289872659,-0.049649078200252106,0.049649078200252106,-4.843670978071422,Friday,0,0.018303568705588802,-0.06521102466211914,0.08351459336770795,-0.08351459336770795
2026-02-09,5039.817297782008,212232162.1132012,2314557814.5421534,5050.89990234375,170,8.525125109968274,8.527321704877853,-0.0021965949095790194,0.0021965949095790194,-0.2194184160450236,Monday,1,0.019936415005194164,0.06738889829586725,0.047452483290673086,0.047452483290673086
2026-02-10,5036.466635576001,427416395.44096243,2311527616.871357,5003.7998046875,281,8.524460050835032,8.517952863729644,0.0065071871053881125,0.0065071871053881125,0.652840484503378,Tuesday,0,-0.009368841148209128,-0.0006650591332419964,0.008703782014967132,0.008703782014967132
2026-02-11,5044.104419600555,340240637.68933475,2315415834.790365,5071.60009765625,2681,8.525975398615289,8.531411647909303,-0.005436249294014317,0.005436249294014317,-0.5421499630540979,Wednesday,0,0.013458784179659844,0.0015153477802574145,0.01194343639940243,-0.01194343639940243
2026-02-12,5076.523699140038,340963091.17284423,2329804648.6406164,4923.7001953125,484,8.532381995131846,8.501815599039745,0.030566396092101655,0.030566396092101655,3.1038344693088784,Thursday,0,-0.0295960488695588,0.0064065965165571725,0.03600264538611597,0.03600264538611597
2026-02-13,4915.716059928172,366946550.7490761,2256015092.073316,5022.0,232,8.500192710663123,8.52158353971753,-0.02139082905440759,0.02139082905440759,-2.1163667875712386,Friday,0,0.0197679406777862,-0.032189284468723045,0.051957225146509245,-0.051957225146509245
2026-02-17,4998.062991057837,197257995.24146393,2293402605.6579156,4882.89990234375,540,8.516805714568346,8.493494564638718,0.02331114992962746,0.02331114992962746,2.358497839753176,Tuesday,0,-0.028088975078812695,0.016613003905222357,0.04470197898403505,0.04470197898403505
2026-02-18,4869.415951682506,387500317.33917713,2237350959.125017,4986.5,544,8.49072928109879,8.514489539841923,-0.023760258743132923,0.023760258743132923,-2.3480206220293653,Wednesday,0,0.020994975203205257,-0.026076433469555127,0.047071408672760384,-0.047071408672760384
2026-02-19,4981.435084032238,205624283.60212156,2286599839.9287906,4975.89990234375,37,8.513473297990233,8.512361518128209,0.0011117798620237096,0.0011117798620237096,0.11123981183545312,Thursday,0,-0.00212802171371429,0.022744016891442342,0.024872038605156632,0.024872038605156632
2026-02-20,5004.710217612872,205556931.7028603,2297048720.595287,5059.2998046875,134,8.518134791494287,8.528983374186064,-0.010848582691776798,0.010848582691776798,-1.0789949040784297,Friday,0,0.0166218560578546,0.004661493504054093,0.011960362553800508,-0.011960362553800508
2026-02-23,5182.572721872747,184478714.5778837,2377590812.600856,5204.7001953125,779,8.55305687641076,8.55731738002657,-0.004260503615808986,0.004260503615808986,-0.42514405459283905,Monday,1,0.028334005840505938,0.03492208491647375,0.006588079075967812,0.006588079075967812
2026-02-24,5257.006301862337,384286784.8439314,2415615125.7013416,5155.7998046875,88,8.567316999575118,8.547877535665137,0.01943946390998086,0.01943946390998086,1.9629640600634435,Tuesday,0,-0.009439844361432748,0.014260123164357097,0.023699967525789845,0.023699967525789845
2026-02-25,5169.681871854463,576847328.8227262,2404175152.694326,5206.39990234375,1772,8.55056643211878,8.557643898267756,-0.007077466148976086,0.007077466148976086,-0.7052479866703666,Wednesday,0,0.009766362602618983,-0.01675056745633796,0.026516930058956945,-0.026516930058956945
2026-02-26,5182.768140124605,334509827.51678675,2440888281.197529,5176.5,1520,8.553094582503494,8.551884431206167,0.0012101512973270445,0.0012101512973270445,0.12108838258679518,Thursday,0,-0.005759467061588808,0.0025281503847143227,0.00828761744630313,0.00828761744630313
2026-02-27,5196.548114189211,227815245.297732,2460811274.6728215,5230.5,354,8.5557498599463,8.562262154783815,-0.006512294837515142,0.006512294837515142,-0.6491135801699369,Friday,0,0.010377723577647657,0.0026552774428054704,0.007722446134842187,-0.007722446134842187
2026-03-02,5435.477657664918,612125078.4206793,2575359682.2153115,5294.39990234375,72,8.600702681188531,8.57440491872215,0.026297762466381158,0.026297762466381158,2.664659978909325,Monday,1,0.012142763938335577,0.04495282124223188,0.0328100573038963,0.0328100573038963
2026-03-03,5354.771754922431,741528400.0281674,2575042956.8193936,5107.39990234375,1776,8.58574335917654,8.538445728329147,0.04729763084739247,0.04729763084739247,4.84340089494781,Tuesday,0,-0.03595919039300277,-0.01495932201199146,0.02099986838101131,0.02099986838101131
2026-03-04,5145.302261472839,1067219966.830363,2520718226.567918,5120.2001953125,679,8.545839395128105,8.540948817916115,0.004890577211989822,0.004890577211989822,0.49025556038452495,Wednesday,0,0.002503089586967988,-0.03990396404843466,0.04240705363540265,-0.04240705363540265
2026-03-05,5173.778537724423,626241062.6334629,2555054618.2648773,5065.2998046875,1701,8.551358558916185,8.530168606379707,0.02118995253647782,0.02118995253647782,2.1416053781561937,Thursday,0,-0.010780211536408402,0.005519163788079595,0.016299375324487997,0.016299375324487997
2026-03-06,5107.603119298661,417601951.296714,2531457050.447401,5146.10009765625,148,8.53848551626744,8.545994444198614,-0.00750892793117508,0.00750892793117508,-0.748080636346775,Friday,0,0.015825837818907118,-0.01287304264874578,0.0286988804676529,-0.0286988804676529
2026-03-09,5076.969872080662,256091669.05307245,2524102592.661259,5091.5,639,8.532469880732556,8.53532776161172,-0.002857880879163943,0.002857880879163943,-0.2853801025108152,Monday,1,-0.010666682586894183,-0.006015635534883046,0.004651047052011137,0.004651047052011137
2026-03-10,5145.084401896018,421915551.0935381,2568177468.3248115,5229.7001953125,4300,8.545797052778108,8.562109231383857,-0.01631217860574985,0.01631217860574985,-1.6179855490057575,Tuesday,0,0.026781469772137356,0.01332717204555145,0.013454297726585907,-0.013454297726585907
2026-03-11,5192.836458566846,435137607.40037596,2595852654.7333903,5167.39990234375,633,8.55503535067883,8.550124920752683,0.004910429926146875,0.004910429926146875,0.4922505845068978,Wednesday,0,-0.011984310631174111,0.009238297900722614,0.021222608531896725,0.021222608531896725
2026-03-12,5145.5589380899955,272563216.5155332,2572677941.890443,5115.7998046875,410,8.545889279508476,8.540089030714851,0.005800248793624618,0.005800248793624618,0.5817102806725913,Thursday,0,-0.010035890037832118,-0.009146071170354375,0.000889818867477743,0.000889818867477743
2026-03-13,5109.343283771024,294367743.28924084,2554410097.2037697,5052.5,479,8.538826159042793,8.527638449277775,0.011187709765017928,0.011187709765017928,1.125052622880243,Friday,0,-0.01245058143707567,-0.00706312046568236,0.00538746097139331,0.00538746097139331
2026-03-16,4974.696060209787,166435938.53868255,2488116811.5523763,4994.0,130,8.512119554301245,8.515992470839718,-0.0038729165384729924,0.0038729165384729924,-0.3865426469806369,Monday,1,-0.01164597843805737,-0.02670660474154829,0.01506062630349092,-0.01506062630349092
2026-03-17,4999.512404846021,299731776.1200992,2504673241.5639987,5001.0,239,8.517095667630151,8.517393171418904,-0.00029750378875270655,0.00029750378875270655,-0.029745953888799703,Tuesday,0,0.001400700579186065,0.004976113328906351,0.003575412749720286,0.003575412749720286
2026-03-18,4994.135840898052,190315724.84558314,2502865877.3884244,4889.89990234375,1461,8.516019671290378,8.494927112391053,0.021092558899324487,0.021092558899324487,2.1316579201210546,Wednesday,0,-0.022466059027850704,-0.0010759963397735106,0.021390062688077194,0.021390062688077194
2026-03-19,4826.3358410210785,525688338.63983774,2418633230.0421867,4600.7001953125,627,8.481842833697625,8.433963787265732,0.047879046431893,0.047879046431893,4.904376206440732,Thursday,0,-0.06096332512532143,-0.03417683759275292,0.026786487532568515,0.026786487532568515
2026-03-20,4652.791346881827,739899740.5612142,2333322366.772664,4570.39990234375,235,8.445222608131646,8.42735598604314,0.01786662208850487,0.01786662208850487,1.8027184994430296,Friday,0,-0.006607801222591192,-0.036620225565979325,0.030012424343388133,-0.030012424343388133
2026-03-23,4479.651094417348,231420500.48008797,2253282442.2813053,4404.10009765625,544,8.407300441665758,8.390291226389055,0.01700921527670296,0.01700921527670296,1.715469564402139,Monday,1,-0.03706475965408629,-0.037922166465888196,0.0008574068118019085,-0.0008574068118019085
2026-03-24,4443.42665655121,1524070443.8507028,2252082750.047754,4399.2998046875,378,8.399181127258851,8.389200671944693,0.009980455314158476,0.009980455314158476,1.0030426163884578,Tuesday,0,-0.001090554444362013,-0.008119314406906497,0.007028759962544484,-0.007028759962544484
2026-03-25,4541.693447063311,535955775.20727485,2332446894.7604513,4549.7998046875,388,8.421055227447047,8.422838512007234,-0.0017832845601866154,0.0017832845601866154,-0.17816954530256268,Wednesday,0,0.033637840062541,0.02187410018819591,0.011763739874345092,-0.011763739874345092
2026-03-26,4498.142120521939,418036620.4586135,2312743600.7285247,4375.5,1070,8.411419728401151,8.383776077975886,0.027643650425265065,0.027643650425265065,2.8029281344289667,Thursday,0,-0.03906243403134724,-0.009635499045895557,0.02942693498545168,0.02942693498545168
2026-03-27,4406.692107636917,371391456.13602453,2265259847.356345,4492.0,74348,8.390879598012184,8.410053315858335,-0.01917371784615085,0.01917371784615085,-1.8991071318584778,Friday,0,0.02627723788244829,-0.020540130388967626,0.046817368271415916,-0.046817368271415916
2026-03-30,4452.087056663632,153050980.20611367,2288890637.6509595,4526.0,10816,8.401128266710904,8.417593826193484,-0.01646555948257955,0.01646555948257955,-1.6330743114531105,Monday,1,0.007540510335148909,0.01024866869872021,0.0027081583635713002,0.0027081583635713002
2026-03-31,4512.52315295734,301826532.1217558,2320497162.5089397,4647.60009765625,4264,8.414611733477246,8.444106257320895,-0.029494523843649034,0.029494523843649034,-2.906380537495643,Tuesday,0,0.026512431127411418,0.013483466766341934,0.013028964361069484,-0.013028964361069484
2026-04-01,4677.958846139179,378672185.1727596,2405048089.7211647,4783.2001953125,1637,8.450617149785884,8.472865098399714,-0.022247948613829394,0.022247948613829394,-2.2002288191168984,Wednesday,0,0.028758841078818875,0.036005416308638516,0.007246575229819641,0.007246575229819641
2026-04-02,4767.728803125345,385151709.9732787,2451721323.335861,4651.5,0,8.469625328588393,8.444945027208613,0.024680301379779834,0.024680301379779834,2.4987381086820317,Thursday,0,-0.02792007119110096,0.01900817880250827,0.04692824999360923,0.04692824999360923
2026-04-06,4601.414588912729,183802596.72339222,2365734616.813812,4656.7998046875,148,8.434119054531664,8.44608375401617,-0.011964699484506625,0.011964699484506625,-1.1893407081622929,Monday,1,0.0011387268075573331,-0.035506274056729126,0.03664500086428646,-0.03664500086428646
2026-04-07,4641.569074691744,221908390.08471498,2385973208.796211,4657.10009765625,327,8.442807750705281,8.446148236772482,-0.0033404860672003878,0.0033404860672003878,-0.33349128510941417,Tuesday,0,6.448275631143474e-05,0.008688696173617672,0.008624213417306237,0.008624213417306237
2026-04-08,4795.937890094245,331309113.9829235,2465892353.919048,4749.5,405,8.475524565707886,8.465794628330237,0.009729937377649378,0.009729937377649378,0.9777427117432304,Wednesday,0,0.01964639155775494,0.032716815002604704,0.013070423444849766,0.013070423444849766
2026-04-09,4704.687862692964,349658661.9828287,2418699644.9516554,4792.2001953125,1277,8.45631470820198,8.474744915907731,-0.018430207705751656,0.018430207705751656,-1.8261410010611947,Thursday,0,0.00895028757749472,-0.019209857505906314,0.028160145083401034,-0.028160145083401034
2026-04-10,4746.965772432273,282031152.8105149,2440529418.479216,4761.89990234375,812,8.46526090816768,8.468402006738472,-0.0031410985707918115,0.0031410985707918115,-0.3136170481896586,Friday,0,-0.006342909169259059,0.008946199965700785,0.015289109134959844,0.015289109134959844
2026-04-13,4650.832870792135,147863892.73669276,2360407874.730247,4742.39990234375,32,8.444801594541072,8.464298595069556,-0.019497000528483355,0.019497000528483355,-1.93081632585143,Monday,1,-0.004103411668916479,-0.020459313626608022,0.016355901957691543,-0.016355901957691543
2026-04-14,4743.117545670341,310083725.94390935,2408229740.670703,4825.0,288,8.464449908549687,8.481566013773087,-0.017116105223399458,0.017116105223399458,-1.697045685588781,Tuesday,0,0.01726741870353088,0.019648314008614776,0.0023808953050838966,0.0023808953050838966
2026-04-15,4831.440928384209,318747629.45684665,2419448431.331069,4800.0,182,8.482900031013427,8.476371196895983,0.0065288341174447595,0.0065288341174447595,0.6550193413376822,Wednesday,0,-0.0051948168771041026,0.018450122463740115,0.023644939340844218,0.023644939340844218
2026-04-16,4812.99988980301,173489071.24224904,2376265003.195133,4785.39990234375,805,8.479075846407412,8.473324874552453,0.005750971854958209,0.005750971854958209,0.57675404401923,Thursday,0,-0.0030463223435290843,-0.003824184606015635,0.0007778622624865505,-0.0007778622624865505
2026-04-17,4779.056420801179,194672136.39666197,2359176241.467937,4857.60009765625,1902,8.471998404493231,8.488299787865062,-0.016301383371830624,0.016301383371830624,-1.616923486413948,Friday,0,0.014974913312608251,-0.007077441914180582,0.022052355226788833,-0.022052355226788833
2026-04-20,4736.063867681006,122804976.87426417,2338388810.577446,4806.60009765625,724,8.462961662047448,8.477745272766242,-0.014783610718794193,0.014783610718794193,-1.4674869667155874,Monday,1,-0.01055451509881955,-0.00903674244578312,0.001517772653036431,0.001517772653036431
2026-04-21,4807.829633848398,209937345.57519826,2357950832.388979,4698.39990234375,1197,8.478001041695483,8.454977283423307,0.023023758272175954,0.023023758272175954,2.329085088096906,Tuesday,0,-0.02276798934293467,0.015039379648035478,0.03780736899097015,0.03780736899097015
2026-04-22,4729.839890575788,182498462.35578668,2300503295.6606445,4732.5,765,8.461646631140502,8.462208883083479,-0.0005622519429770989,0.0005622519429770989,-0.05620939089724989,Wednesday,0,0.007231599660171284,-0.01635441055498177,0.023586010215153053,-0.023586010215153053
2026-04-23,4714.7930150261745,157151192.8397502,2293179880.155892,4705.10009765625,292,8.45846029485182,8.456402326534143,0.00205796831767735,0.00205796831767735,0.2060087387886365,Thursday,0,-0.00580655654933615,-0.0031863362886817015,0.002620220260654449,0.002620220260654449
2026-04-24,4689.130188002567,150223436.60845092,2280565343.3302426,4722.2998046875,45,8.453002383260047,8.460051206669272,-0.007048823409224525,0.007048823409224525,-0.702403872198206,Friday,0,0.0036488801351293176,-0.005457911591772557,0.009106791726901875,-0.009106791726901875
2026-04-27,4674.15092033456,58159612.52256987,2250564172.6886625,4675.39990234375,538,8.449802803908828,8.450069978672687,-0.0002671747638594013,0.0002671747638594013,-0.026713907586033363,Monday,1,-0.009981227996584963,-0.003199579351219839,0.006781648645365124,0.006781648645365124
2026-04-28,4683.938887044827,113397722.41602792,2255550267.0400014,4591.5,2660,8.451894677460167,8.431962047053577,0.01993263040658988,0.01993263040658988,2.013261179240497,Tuesday,0,-0.018107931619109507,0.0020918735513397735,0.02019980517044928,0.02019980517044928
2026-04-29,4584.129231323281,177039493.70123073,2207311161.4030256,4545.2001953125,507,8.430355449821644,8.42182705301501,0.008528396806633864,0.008528396806633864,0.8564867186912583,Wednesday,0,-0.010134994038567768,-0.021539227638523784,0.011404233599956015,-0.011404233599956015
2026-04-30,4551.294403224217,154123519.69434464,2180694044.005499,4614.7001953125,77,8.423166955712134,8.437002181730877,-0.01383522601874354,0.01383522601874354,-1.3739959131622324,Thursday,0,0.015175128715867459,-0.007188494109509946,0.022363622825377405,-0.022363622825377405
2026-05-01,4619.169734651014,108043887.57794161,2213608814.203757,4629.89990234375,113,8.437970256811308,8.440290527482377,-0.0023202706710687693,0.0023202706710687693,-0.23175809237915768,Friday,0,0.0032883457514998327,0.014803301099174604,0.011514955347674771,0.011514955347674771
2026-05-04,4606.699989109208,62140080.97545161,2207005699.5743995,4519.5,20,8.435267042153267,8.416156647238466,0.01911039491480082,0.01911039491480082,1.9294167299304839,Monday,1,-0.02413388024391061,-0.00270321465804102,0.02143066558586959,0.02143066558586959
2026-05-05,4515.479414240444,189393188.61411694,2163856785.276186,4555.7998046875,426,8.41526664277014,8.424156382576067,-0.008889739805926666,0.008889739805926666,-0.8850342898204095,Tuesday,0,0.007999735337600455,-0.020000399383127032,0.028000134720727488,-0.028000134720727488
2026-05-06,4580.978051190451,127114292.35841027,2194853217.3299975,4681.89990234375,212,8.429667802604897,8.45145926857066,-0.02179146596576409,0.02179146596576409,-2.1555747294549747,Wednesday,0,0.02730288599459385,0.014401159834756427,0.012901726159837423,-0.012901726159837423
2026-05-07,4684.253256886758,236792581.7637978,2244639382.689443,4699.7998046875,254,8.451961791762953,8.455275192043628,-0.0033134002806747276,0.0033134002806747276,-0.33079170277074205,Thursday,0,0.0038159234729668867,0.02229398915805625,0.018478065685089362,0.018478065685089362
2026-05-08,4695.850246166642,309643245.4256111,2229114512.889326,4720.39990234375,120,8.454434471341576,8.459648800063464,-0.00521432872188754,0.00521432872188754,-0.5200757708032022,Friday,0,0.004373608019836439,0.0024726795786236266,0.0019009284412128125,-0.0019009284412128125
2026-05-11,4692.033065968848,83091128.45037088,2214290226.4261947,4718.7001953125,36,8.453621257056472,8.459288658305873,-0.005667401249400683,0.005667401249400683,-0.5651371826958377,Monday,1,-0.000360141757591137,-0.0008132142851042801,0.0004530725275131431,-0.0004530725275131431
2026-05-12,4753.27871385413,189003696.51521787,2240462041.0621877,4677.60009765625,93,8.466589914460132,8.450540457738887,0.01604945672124458,0.01604945672124458,1.6178941041967057,Tuesday,0,-0.008748200566985886,0.012968657403659378,0.021716857970645265,0.021716857970645265
2026-05-13,4711.766237132319,186060143.7391382,2223200928.9015946,4697.7001953125,228,8.457818113984569,8.454828347795702,0.002989766188866483,0.002989766188866483,0.29942399972339795,Wednesday,0,0.004287890056815513,-0.008771800475562586,0.013059690532378099,-0.013059690532378099
2026-05-14,4685.254310310566,134916396.45434186,2211189174.705343,4678.10009765625,5,8.452175475015874,8.450647344447532,0.001528130568342334,0.001528130568342334,0.15292987548301112,Thursday,0,-0.00418100334817062,-0.005642638968694769,0.0014616356205241487,-0.0014616356205241487
2026-05-15,4650.574338384206,131812731.99804078,2187175628.23716,4555.7998046875,607,8.444746004585234,8.424156382576067,0.02058962200916703,0.02058962200916703,2.080305056407265,Friday,0,-0.026490961871465046,-0.00742947043064035,0.019061491440824696,0.019061491440824696
2026-05-18,4535.6910590488515,67613265.69973889,2132769004.7359984,4552.5,38,8.41973273441279,8.423431811601763,-0.003699077188972666,0.003699077188972666,-0.36922440310046223,Monday,1,-0.0007245709743042283,-0.025013270172443924,0.024288699198139696,-0.024288699198139696
2026-05-19,4575.136719741442,190661369.71387923,2152077545.8469906,4506.2998046875,875,8.428391861359591,8.413231653330019,0.015160208029572075,0.015160208029572075,1.5275706907546878,Tuesday,0,-0.010200158271743476,0.008659126946801265,0.01885928521854474,0.01885928521854474
2026-05-20,4491.981874409285,136822300.54601783,2112689393.191143,4531.2998046875,981,8.410049280767666,8.41876410992189,-0.008714829154223835,0.008714829154223835,-0.8676965103377472,Wednesday,0,0.005532456591870627,-0.018342580591925284,0.02387503718379591,-0.02387503718379591
2026-05-21,4536.190361746937,144598177.32498038,2133364426.3317628,4539.7998046875,426,8.41984281140243,8.42063819417933,-0.0007953827769000554,0.0007953827769000554,-0.07950665438674434,Thursday,0,0.0018740842574409555,0.009793530634764736,0.00791944637732378,0.00791944637732378
2026-05-22,4525.237913104244,127931460.3911435,2128443972.5002499,4521.0,40,8.41742543223348,8.416488487294606,0.0009369449388749729,0.0009369449388749729,0.09373840089016587,Friday,0,-0.004149706884724935,-0.002417379168949907,0.0017323277157750283,0.0017323277157750283
2026-05-26,4547.867212658449,94128335.64301227,2138797658.16717,4500.39990234375,1261,8.422413657579293,8.411921538997456,0.010492118581836962,0.010492118581836962,1.054735386737042,Tuesday,0,-0.004566948297149764,0.004988225345812225,0.00955517364296199,0.00955517364296199
2026-05-27,4516.99217957251,156223486.996988,2124290631.969473,4447.5,81062,8.415601604320917,8.400097419539991,0.015504184780926522,0.015504184780926522,1.562499821754028,Wednesday,0,-0.011824119457465088,-0.006812053258375528,0.00501206619908956,0.00501206619908956
2026-05-28,4441.322444217309,229258483.821073,2074420820.1319294,4499.2998046875,16427,8.398707458875112,8.411677064693304,-0.012969605818192065,0.012969605818192065,-1.2885862909110626,Thursday,0,0.011579645153313223,-0.016894145445805364,0.028473790599118587,-0.028473790599118587
2026-05-29,4477.701882380843,251912823.9153488,2091280761.5417979,4560.5,1883,8.406865221110685,8.425187545620213,-0.018322324509528087,0.018322324509528087,-1.8155491200341407,Friday,0,0.013510480926909096,0.008157762235573074,0.0053527186913360225,-0.0053527186913360225
2026-06-01,4529.80814219826,59730355.7255261,2115324914.8170252,4475.2001953125,835,8.418434864864562,8.406306366090995,0.012128498773567031,0.012128498773567031,1.22023472699519,Monday,1,-0.018881179529218528,0.01156964375387659,0.03045082328309512,0.03045082328309512
2026-06-02,4475.042300700188,170119870.75796255,2077149720.2172327,4489.10009765625,456,8.406271083334712,8.409407536964212,-0.003136453629499769,0.003136453629499769,-0.31315400971792406,Tuesday,0,0.0031011708732169296,-0.01216378152984987,0.0152649524030668,-0.0152649524030668
2026-06-03,4462.108895363605,164240060.64046612,2071312962.1705837,4436.7001953125,2913,8.403376779751516,8.397666179862853,0.005710599888663737,0.005710599888663737,0.572693644658487,Wednesday,0,-0.011741357101358929,-0.0028943035831954234,0.008847053518163506,0.008847053518163506
2026-06-04,4449.619326885214,154596721.69922897,2051263296.5300627,4475.7998046875,480,8.400573826980969,8.406440342043604,-0.005866515062635358,0.005866515062635358,-0.5849340664179683,Thursday,0,0.008774162180751333,-0.002802952770547762,0.011577114951299095,-0.011577114951299095
2026-06-05,4453.486505703079,193030193.20799908,2052749478.6811297,4337.10009765625,4062,8.40144255282424,8.374961223498993,0.026481329325246605,0.026481329325246605,2.683507537898975,Friday,0,-0.031479118544611495,0.0008687258432704681,0.03234784438788196,0.03234784438788196
2026-06-08,4331.889005041127,137578749.15127045,1996714899.3604255,4335.89990234375,357,8.373758985687626,8.374684457600189,-0.0009254719125628696,0.0009254719125628696,-0.09250437955116493,Monday,1,-0.0002767658988034327,-0.027683567136612908,0.027406801237809475,-0.027406801237809475
2026-06-09,4306.918891082315,152983400.4238789,1985272421.433983,4260.0,1292,8.367978052994344,8.357024439263416,0.010953613730928069,0.010953613730928069,1.1013824197726523,Tuesday,0,-0.01766001833677322,-0.005780932693282281,0.011879085643490939,0.011879085643490939
2026-06-10,4209.889623803007,146466789.11018914,1923021095.7554388,4108.2001953125,525,8.34519170870875,8.320740302897182,0.02445140581156835,0.02445140581156835,2.4752792866943576,Wednesday,0,-0.036284136366234065,-0.022786344285593785,0.01349779208064028,0.01349779208064028
2026-06-11,4051.6303923806877,240982451.74301142,1851157852.8923655,4090.300048828125,1938,8.306874645112547,8.316373607917688,-0.009498962805141176,0.009498962805141176,-0.9453990168402491,Thursday,0,-0.004366694979493602,-0.03831706359620313,0.033950368616709525,-0.033950368616709525
2026-06-12,4208.859034608151,196567543.3810635,1924063198.8982503,4215.0,1167,8.344946876788516,8.346404870435956,-0.0014579936474401478,0.0014579936474401478,-0.14569312910673837,Friday,0,0.03003126251826771,0.03807223167596874,0.008040969157701028,0.008040969157701028
2026-06-15,4286.101612087349,104227379.40107816,1958151000.379335,4328.0,1666,8.363132883659015,8.372860820526318,-0.009727936867303555,0.009727936867303555,-0.9680773547285313,Monday,1,0.02645595009036228,0.018186006870498872,0.008269943219863407,-0.008269943219863407
2026-06-16,4307.14053582143,124473629.58729285,1967540659.9586296,4330.89990234375,158,8.36802951415294,8.373530629043536,-0.00550111489059546,0.00550111489059546,-0.5486011465991737,Tuesday,0,0.0006698085172178736,0.004896630493925969,0.004226821976708095,0.004226821976708095
2026-06-17,4320.551320187116,108479209.7760927,1974271091.0691433,4358.89990234375,1961,8.371138293509048,8.379974988529845,-0.00883669502079698,0.00883669502079698,-0.8797766183163312,Wednesday,0,0.006444359486309281,0.0031087793561077603,0.003335580130201521,-0.003335580130201521
2026-06-18,4266.7647813577705,170204923.18209502,1938911322.706271,4224.10009765625,738,8.358611156605932,8.34856152246712,0.010049634138811214,0.010049634138811214,1.0100301298540038,Thursday,0,-0.03141346606272499,-0.012527136903116798,0.018886329159608195,0.018886329159608195
2026-06-22,4131.603102672337,47814442.233577676,1877547201.0105557,4181.89990234375,1197,8.326420771093648,8.338520944346731,-0.012100173253083213,0.012100173253083213,-1.2027260538499351,Monday,1,-0.010040578120388943,-0.03219038551228337,0.022149807391894427,-0.022149807391894427
2026-06-23,4180.696774582287,101470691.53766148,1899972308.125756,4129.89990234375,252,8.338233204110955,8.326008448940723,0.012224755170231916,0.012224755170231916,1.2299782909922123,Tuesday,0,-0.012512495406008739,0.01181243301730639,0.02432492842331513,0.02432492842331513
2026-06-24,4089.8092622858035,144720149.5279522,1849091894.1473346,3990.300048828125,353,8.316253612811451,8.291621707264065,0.024631905547385813,0.024631905547385813,2.4937777169639768,Wednesday,0,-0.03438674167665745,-0.021979591299503554,0.012407150377153897,0.012407150377153897
2026-06-25,4006.886068063017,240984295.66322142,1813388580.952737,4030.5,2724,8.295769677005813,8.301645716723655,-0.005876039717842119,0.005876039717842119,-0.5858809561340562,Thursday,0,0.010024009459590033,-0.0204839358056379,0.03050794526522793,-0.03050794526522793
2026-06-26,4011.264851690965,164706531.3289139,1813774413.027437,4078.699951171875,1431,8.296861894926646,8.313533577203224,-0.016671682276577116,0.016671682276577116,-1.6533478875183003,Friday,0,0.011887860479568246,0.0010922179208332494,0.010795642558734997,-0.010795642558734997
2026-06-29,4053.8437221240924,57825391.536411546,1832900291.94722,4022.300048828125,785,8.3074207772122,8.299609169446613,0.007811607765587425,0.007811607765587425,0.7842197974553766,Monday,1,-0.01392440775661008,0.01055888228555446,0.02448329004216454,0.02448329004216454
2026-06-30,4008.6434935412067,99532328.13433525,1812510410.9316242,4022.89990234375,1108,8.296208182158303,8.299758290293921,-0.0035501081356184017,0.0035501081356184017,-0.3543813952277934,Tuesday,0,0.00014912084730767106,-0.011212595053898156,0.011361715901205827,-0.011361715901205827
2026-07-01,3999.521099212242,215289939.70040607,1808440518.5460753,4068.300048828125,770,8.293929907737455,8.310980512764104,-0.01705060502664857,0.01705060502664857,-1.6906066118622394,Wednesday,0,0.011222222470182786,-0.0022782744208473815,0.013500496891030167,-0.013500496891030167
2026-07-02,4027.477645233966,177500557.37019998,1821025354.811816,4112.7001953125,228,8.300895564504122,8.321835073600054,-0.020939509095931896,0.020939509095931896,-2.0721799798503997,Thursday,0,0.010854560835950267,0.006965656766666939,0.0038889040692833277,-0.0038889040692833277
2026-07-03,4120.595448745633,149095707.6687724,1863119362.8489327,4187.2998046875,54673,8.32375295829521,8.33981136715467,-0.016058408859461082,0.016058408859461082,-1.5930160020353565,Friday,0,0.017976293554616163,0.022857393791086977,0.0048811002364708145,0.0048811002364708145
